COMPOUND_NAME	SACRI_PERIOD	DOSE_LEVEL	RBC(x10_4/ul)	Hb(g/dL)	Ht(%)	MCV(fL)	MCH(pg)	MCHC(%)	Ret(%)	Plat(x10_4/uL)	WBC(x10_2/uL)	Neu(%)	Eos(%)	Bas(%)	Mono(%)	Lym(%)	PT(s)	APTT(s)	Fbg(mg/dL)	ALP(IU/L)	TC(mg/dL)	TG(mg/dL)	PL(mg/dL)	TBIL(mg/dL)	DBIL(mg/dL)	GLC(mg/dL)	BUN(mg/dL)	CRE(mg/dL)	Na(meq/L)	K(meq/L)	Cl(meq/L)	Ca(mg/dL)	IP(mg/dL)	TP(g/dL)	RALB(g/dL)	A/G	AST(IU/L)	ALT(IU/L)	LDH(IU/L)	GTP(IU/L)
aspirin	4 day	Control	610	13.4	38.6	63.3	22	34.8	6.1	131.3	116.4	9	1	0	2	87	11.6	19.3	221	1093	78	82	152	0.14	0.09	222	15	0.4	140	3.9	100	10.6	7.9	5.8	3.5	1.5	70	39	187	1
aspirin	4 day	Control	602	12.7	37.3	61.9	21.1	34.1	6	127.4	101.1	15	1	0	3	80	12	19.7	207	1122	82	174	171	0.15	0.1	225	16	0.4	139	3.8	101	10.7	6.3	5.6	3.2	1.3	58	27	255	1
aspirin	4 day	Control	626	13.4	39.3	62.8	21.4	34	6	118	72.1	16	1	0	3	79	12	20.6	218	913	82	108	159	0.12	0.07	185	16	0.4	141	4.3	103	10.7	7.1	5.8	3.2	1.2	62	28	203	1
aspirin	4 day	Control	609	12.9	37.8	62.1	21.3	34.2	5.8	113.1	66.4	14	1	0	2	81	12.4	18.6	227	907	70	70	135	0.12	0.07	185	13	0.4	140	3.8	103	10.8	7.2	5.8	3.4	1.4	65	28	244	1
aspirin	4 day	Control	653	13.3	39.3	60.2	20.4	33.9	5.6	116.9	136.7	13	1	0	2	83	12.2	18.2	210	817	61	62	127	0.13	0.08	199	14	0.3	142	3.8	104	11.1	7.2	5.6	3.5	1.7	111	56	226	1
aspirin	8 day	Control	689	14	41.7	60.6	20.4	33.6	4.9	129.2	91.1	10	1	0	2	87	12.6	23.6	197	706	55	80	116	0.15	0.1	212	16	0.4	142	3.8	103	10.5	8	5.3	3.4	1.8	58	26	155	0
aspirin	8 day	Control	603	12.9	37.3	61.7	21.4	34.6	5.8	146.6	184.2	16	1	0	2	81	11.9	19.7	221	1043	87	157	168	0.19	0.14	228	16	0.4	140	3.5	100	10.6	8	5.7	3.5	1.6	62	29	174	1
aspirin	8 day	Control	672	14.1	41.5	61.8	20.9	33.8	4.2	137.1	130.4	10	1	0	2	86	12.3	21.7	207	765	61	117	136	0.14	0.09	200	16	0.4	140	3.6	102	10.8	6.9	5.6	3.6	1.8	57	26	147	1
aspirin	8 day	Control	638	13.5	40	62.6	21.2	33.8	4.9	111.8	149.7	9	1	0	2	88	12.5	22	221	759	70	76	141	0.11	0.06	200	15	0.4	141	3.8	104	10.7	8.1	5.5	3	1.2	57	35	216	1
aspirin	8 day	Control	640	13.9	40.8	63.8	21.7	34.1	6.6	117.5	121.9	10	1	0	2	86	12.5	19	210	949	59	71	126	0.14	0.09	214	16	0.4	142	3.5	103	10.8	7.2	5.5	3.4	1.6	62	30	199	0
aspirin	15 day	Control	651	14.1	40.6	62.4	21.6	34.7	3.6	109.9	181.8	9	1	0	2	87	12.2	20.3	210	598	68	182	155	0.16	0.11	215	17	0.5	140	4	102	10.6	6.9	5.7	3.1	1.2	55	30	164	1
aspirin	15 day	Control	682	14.1	39.7	58.2	20.6	35.4	2.8	112.4	161.6	13	0	0	2	84	12	19.8	234	755	69	132	144	0.14	0.1	190	18	0.4	142	3.9	105	10.8	6.5	5.8	3.4	1.4	49	34	187	1
aspirin	15 day	Control	668	14	39.9	59.7	21	35.1	4.1	106.2	99.2	15	1	0	2	80	12.3	22.6	221	795	70	157	158	0.17	0.13	184	17	0.4	141	3.9	103	10.9	7.6	5.9	3.6	1.6	62	32	259	1
aspirin	15 day	Control	684	14.2	40.6	59.3	20.7	34.9	3.6	140.1	96.1	16	1	0	2	81	11.9	19.7	212	858	66	201	155	0.17	0.13	180	21	0.4	141	3.9	103	10.8	7.5	5.7	3.3	1.4	66	35	245	1
aspirin	15 day	Control	723	14.5	42.3	58.5	20	34.2	2.7	112	133.6	14	1	0	2	81	12.7	18.4	207	628	66	92	144	0.1	0.06	199	16	0.5	141	3.7	102	10.7	7.5	5.8	3.2	1.2	79	36	246	1
aspirin	29 day	Control	793	16	45	56.7	20.2	35.6	1.6	111.4	151.7	10	1	0	1	86	12.3	22.9	207	616	70	104	142	0.18	0.12	210	20	0.5	139	3.8	101	10.3	6.1	6.1	3.7	1.5	71	42	153	1
aspirin	29 day	Control	790	15.1	44.1	55.9	19.1	34.2	1.4	103.1	87.2	18	1	0	2	79	13.2	20.3	200	531	46	61	92	0.14	0.08	221	13	0.5	142	3.6	103	9.8	6.4	5.5	3	1.2	64	31	125	1
aspirin	29 day	Control	832	16	46.8	56.2	19.2	34.2	2.1	118.5	104.9	14	1	0	2	81	12.7	21.8	202	656	60	117	125	0.15	0.09	230	17	0.5	143	3.8	105	10	7.1	6	3.4	1.3	56	27	193	1
aspirin	29 day	Control	802	15.7	45.9	57.2	19.5	34.1	2.3	121.5	107.6	13	1	0	3	82	12.5	21.3	221	564	81	124	151	0.14	0.09	193	15	0.4	141	3.5	104	10.2	6.2	6.2	3.2	1.1	54	33	140	2
aspirin	29 day	Control	860	15.7	44.7	52	18.3	35.2	1.7	128.8	93.5	14	1	0	2	81	12.2	21.3	224	660	70	152	152	0.18	0.12	211	20	0.5	140	3.9	103	10.4	5.9	6.2	3.5	1.3	59	33	139	1
aspirin	4 day	Low	585	13	38.2	65.3	22.2	33.9	6.3	102.6	141.6	6	1	0	1	90	11.8	18.9	218	852	79	116	162	0.15	0.1	228	16	0.4	139	4.2	101	10.5	7.1	5.7	3.6	1.7	142	85	654	0
aspirin	4 day	Low	672	14	40.6	60.4	20.8	34.4	5.3	121	104.8	13	1	0	2	83	12.2	18.2	224	735	81	144	159	0.15	0.1	189	14	0.3	140	4.1	103	10.7	6.5	5.6	3.4	1.5	66	31	265	1
aspirin	4 day	Low	653	13.8	40.7	62.3	21.2	34	5.7	101.5	103.7	15	0	0	3	79	12.7	19.9	221	1059	63	199	153	0.15	0.09	217	14	0.4	141	3.2	102	10.6	6.8	5.8	3.4	1.4	87	44	222	0
aspirin	4 day	Low	642	13.8	41.2	64.2	21.5	33.5	5.5	113.9	84.6	16	1	0	4	77	13.3	17.9	207	1008	63	44	121	0.13	0.08	197	12	0.4	140	3.8	101	10.7	6.9	5.6	3.3	1.4	76	35	199	1
aspirin	4 day	Low	654	13.9	40.9	62.5	21.2	33.9	6.3	126.9	80.8	18	1	0	4	76	12.3	22	200	798	69	75	136	0.13	0.08	195	13	0.3	142	3.8	104	11.1	6.5	5.8	3.6	1.6	61	30	236	1
aspirin	8 day	Low	700	13.9	40.9	58.4	19.8	33.9	4.1	114.8	100.8	13	1	0	2	84	12	20	205	762	64	122	133	0.13	0.09	232	15	0.4	140	4.2	102	10.6	7	5.6	3.2	1.3	46	22	143	0
aspirin	8 day	Low	630	13.1	38	60.4	20.8	34.5	4.8	120.4	86.2	13	1	0	2	84	12.5	21.3	197	874	82	119	152	0.15	0.1	208	16	0.4	140	4.2	103	10.4	7.8	5.4	3.1	1.3	61	27	207	0
aspirin	8 day	Low	637	13.4	39.5	62.1	21	33.9	5.8	122.5	142.1	8	1	0	2	89	12.4	19.9	218	983	58	104	116	0.14	0.1	243	15	0.4	140	3.9	102	10.4	7.9	5.6	3.1	1.2	67	32	211	1
aspirin	8 day	Low	641	13.8	41.7	65	21.5	33.1	6.1	117	161.4	17	1	0	3	78	13.2	31.9	207	677	92	87	164	0.13	0.09	206	17	0.4	142	4.2	104	10.9	6.4	5.7	3.3	1.4	73	30	301	1
aspirin	8 day	Low	644	13.4	39.5	61.3	20.8	33.9	5.7	129.8	110.4	10	1	0	2	86	12.8	19.6	202	1212	71	105	138	0.14	0.1	206	17	0.3	140	4.1	102	10.8	7.5	5.4	3.2	1.5	64	28	205	1
aspirin	15 day	Low	677	14.7	42.3	62.5	21.7	34.8	3.6	129.3	128.7	19	1	0	2	77	12	21.6	212	761	49	90	108	0.16	0.1	196	17	0.4	142	4.5	104	10.5	6.1	5.8	3.5	1.5	65	30	225	0
aspirin	15 day	Low	705	14.4	41	58.2	20.4	35	3.8	123.3	189.1	21	1	0	3	73	12.5	19.5	218	950	67	161	152	0.15	0.1	181	14	0.5	141	4.3	104	10.6	6.6	5.6	3.2	1.3	89	54	270	1
aspirin	15 day	Low	721	15	43.9	60.9	20.9	34.2	3.3	119.4	103.1	13	1	0	1	84	12.2	19.3	221	914	58	192	139	0.17	0.12	205	18	0.5	140	4.8	102	10.3	7.9	5.6	3.3	1.4	65	34	252	1
aspirin	15 day	Low	723	15.1	42.7	59	20.8	35.3	3.5	121.9	116	18	2	0	2	77	11.9	18.2	237	769	82	126	166	0.13	0.09	186	16	0.4	140	4.1	102	11.1	7	6	3.6	1.5	79	38	249	1
aspirin	15 day	Low	711	14.5	41.5	58.4	20.5	35	3.9	148.7	153.8	20	1	0	2	75	11.7	20.8	215	1118	103	99	200	0.14	0.1	181	15	0.4	141	3.5	102	10.6	7.7	5.9	3.7	1.7	82	47	224	0
aspirin	29 day	Low	744	14.2	42.7	57.4	19.1	33.3	2.3	95.5	103.4	11	1	0	2	84	12.8	19.9	197	1010	58	79	130	0.16	0.09	285	16	0.6	140	4.4	100	10.3	7.6	6	3.4	1.3	79	39	263	0
aspirin	29 day	Low	798	15.5	45	56.4	19.4	34.4	2.3	112.5	90.6	10	1	0	3	83	12.4	21.5	241	857	68	142	139	0.17	0.12	211	16	0.5	142	3.6	103	10.3	5.8	6	3.4	1.3	66	28	116	1
aspirin	29 day	Low	810	15.2	43.8	54	18.8	34.7	1.7	107.9	106.1	15	3	0	2	79	12.1	19.4	205	659	75	107	148	0.16	0.09	218	19	0.5	142	3.5	103	10.4	6.9	6.1	3.6	1.4	72	36	225	1
aspirin	29 day	Low	825	15.6	45.1	54.7	18.9	34.5	2.1	100	127.6	22	1	0	2	74	12.2	18.7	207	531	72	178	149	0.15	0.08	224	15	0.4	141	3.9	103	10.3	6.7	6	3.4	1.3	56	29	151	1
aspirin	29 day	Low	828	16.3	46.2	55.9	19.7	35.2	1.7	89.1	94.8	13	1	0	3	82	12.4	21.9	186	612	70	119	150	0.14	0.09	226	19	0.5	141	3.9	104	10.4	6.6	6.3	3.4	1.2	63	33	176	0
aspirin	4 day	Middle	669	13.4	39.2	58.5	20	34.1	6.2	119.6	81.4	14	1	0	3	82	12.5	19	212	804	74	175	166	0.15	0.11	202	13	0.4	141	3.6	100	10.7	7.2	5.6	3.5	1.7	69	32	160	1
aspirin	4 day	Middle	638	13.9	41.2	64.6	21.7	33.7	6.6	109	119.7	15	1	0	3	81	12.4	18.9	230	1016	61	123	140	0.13	0.08	212	11	0.4	142	3.6	104	10.7	6.8	5.8	3.5	1.5	76	42	263	1
aspirin	4 day	Middle	573	12.5	36.5	63.7	21.9	34.3	6.2	128.8	94.2	13	1	0	3	81	12.7	19	237	816	96	72	183	0.12	0.07	194	13	0.4	141	3.8	102	10.6	6.2	5.4	3.3	1.6	71	32	214	1
aspirin	4 day	Middle	650	13.5	39.6	60.8	20.8	34.1	4.8	106.5	136.4	14	1	0	2	82	12.1	18.4	230	1227	64	116	140	0.13	0.08	190	12	0.4	141	3.8	103	10.5	6.7	5.6	3.4	1.5	64	31	164	1
aspirin	4 day	Middle	606	13.7	40	65.9	22.7	34.4	5.9	116.8	109.5	16	1	0	3	78	11.9	19.6	230	760	74	102	150	0.11	0.05	185	12	0.3	140	3.9	103	10.7	8	5.6	3.2	1.3	62	30	250	1
aspirin	8 day	Middle	684	13.7	40.7	59.5	20	33.7	5.4	116.6	107.3	18	1	0	3	77	12.2	19.8	207	1023	81	220	184	0.2	0.15	212	17	0.5	141	4.6	103	9.9	8.2	5.5	3.3	1.5	77	47	221	0
aspirin	8 day	Middle	673	14.3	41.9	62.2	21.2	34.1	4	113.1	106.2	12	1	0	3	83	12.2	19.2	221	867	74	177	166	0.14	0.1	199	17	0.4	142	3.6	102	10.8	8.2	5.4	3.4	1.7	67	32	249	1
aspirin	8 day	Middle	685	14.3	41.6	60.7	20.9	34.4	3.8	113.1	103.7	16	1	0	2	80	12.4	18.6	227	968	57	140	141	0.14	0.09	222	18	0.4	141	3.6	102	10.4	8.2	5.5	3.3	1.5	73	37	187	0
aspirin	8 day	Middle	636	13.5	40.6	63.8	21.2	33.3	5.3	106.2	195.1	10	1	0	2	86	12.9	20.7	207	858	69	80	139	0.11	0.07	213	13	0.4	142	3.7	103	10.3	8.5	5.3	3	1.3	57	31	140	1
aspirin	8 day	Middle	677	14	40.7	60.1	20.7	34.4	4.9	146	85.7	10	1	0	2	86	12.1	18.1	218	793	78	150	162	0.12	0.06	212	15	0.5	139	4.3	102	10.5	9.3	5.3	3.1	1.4	60	28	314	1
aspirin	15 day	Middle	679	14	39	57.4	20.5	35.8	3.7	145.4	146.8	23	1	0	2	74	12.5	18.1	200	881	76	138	160	0.16	0.11	204	16	0.5	141	4	100	10.5	7.6	5.5	3.2	1.4	71	43	166	0
aspirin	15 day	Middle	682	13.9	39.8	58.4	20.4	34.9	4.2	114	261.7	11	3	0	2	84	12.8	20.6	197	796	84	151	173	0.17	0.12	183	17	0.5	142	4.5	102	10.3	8.4	5.3	3.3	1.7	100	43	291	1
aspirin	15 day	Middle	694	15.5	44	63.4	22.3	35.2	3.5	117.5	111.9	15	1	0	3	79	12.3	19.1	218	889	60	106	133	0.12	0.07	180	15	0.4	142	4.1	102	10.7	8.2	5.7	3.2	1.3	60	30	227	2
aspirin	15 day	Middle	746	15.5	44.3	59.4	20.8	35	3.5	121.8	130.7	21	2	0	4	72	12.1	20.3	197	734	57	214	153	0.14	0.09	199	13	0.4	142	3.5	103	10.3	7.9	5.7	3.3	1.4	68	29	344	0
aspirin	15 day	Middle	723	15.4	43.3	59.9	21.3	35.6	2.4	128	131.4	16	2	0	3	79	12.6	19.5	212	829	85	148	174	0.12	0.07	171	12	0.4	141	4.7	104	10.4	7.9	5.3	3.4	1.8	86	39	232	1
aspirin	29 day	Middle	782	15.5	44.4	56.8	19.8	34.9	2	100.1	119.7	8	1	0	2	89	12.8	21.5	190	611	80	174	159	0.19	0.13	297	17	0.6	141	4.1	102	10	7.7	5.6	3	1.2	75	32	214	1
aspirin	29 day	Middle	768	15.1	43.8	57.1	19.7	34.4	2.7	112.1	125.8	13	1	0	2	83	12.5	20.6	207	569	66	98	136	0.13	0.08	215	15	0.5	141	3.8	102	10	7.1	5.6	3.3	1.4	68	34	139	0
aspirin	29 day	Middle	847	15.5	45.3	53.6	18.3	34.2	1.7	102.3	93.8	24	2	0	3	69	12.5	22.6	207	670	55	210	143	0.17	0.11	186	17	0.5	144	3.5	103	10.3	7	6	3.7	1.6	71	36	215	1
aspirin	29 day	Middle	795	16	46.4	58.3	20.1	34.4	2.2	121.6	114	11	1	0	2	84	12.4	21.4	202	686	77	142	165	0.17	0.1	226	17	0.5	141	4	104	10.3	7.3	5.9	3.5	1.5	117	45	227	1
aspirin	29 day	Middle	754	15.1	43.3	57.5	20	34.9	2.6	107	89.9	17	2	0	3	76	12.4	20.5	221	672	69	120	146	0.16	0.1	222	15	0.5	144	3.7	103	10.4	7.2	5.9	3.4	1.4	76	32	170	0
aspirin	4 day	High	633	13.8	40.5	64	21.8	34.1	5.5	136.7	159.3	9	1	0	1	88	13.4	25	207	707	64	251	160	0.18	0.13	202	18	0.4	141	4.1	101	11.3	7.4	5.7	3.2	1.3	83	49	226	2
aspirin	4 day	High	618	13.4	39.3	63.6	21.6	34	4.4	122.1	88.5	12	1	0	2	84	16.2	31.3	207	853	63	176	132	0.16	0.11	195	16	0.4	141	3.8	102	11.1	6.2	5.2	3.1	1.5	79	47	223	1
aspirin	4 day	High	579	12.7	36.8	63.5	21.9	34.5	4.9	109	133	20	0	0	3	76	13.3	22.1	197	846	55	148	129	0.15	0.11	191	14	0.4	144	3.3	104	11.3	7.7	5.4	3.2	1.5	83	52	205	1
aspirin	4 day	High	641	13.8	39.9	62.3	21.6	34.6	5.5	132.4	150.2	14	0	0	2	82	14.8	26.5	241	1181	74	159	171	0.14	0.09	167	15	0.4	141	4	102	11.3	7.1	5.6	3.5	1.7	73	45	200	2
aspirin	4 day	High	679	13.6	40	58.9	20	34	3.4	110.6	100.1	19	0	0	2	77	13	19.7	210	814	55	201	144	0.16	0.11	185	11	0.4	144	3.4	106	10.9	7.3	5.6	3.6	1.8	94	42	313	1
aspirin	8 day	High	631	13.4	39.5	62.6	21.3	34	6.5	108.5	194.6	11	0	0	2	85	14.7	25.5	195	1425	53	119	121	0.16	0.11	224	16	0.5	141	4.4	103	10.5	6.5	5.1	3.4	2	91	59	166	1
aspirin	8 day	High	660	13.2	39.7	60.1	20	33.2	8.1	101.6	139.7	16	1	0	2	80	13.8	23.3	218	801	50	280	148	0.18	0.13	191	18	0.4	143	4.1	103	10.9	8.4	5.6	3.7	1.9	135	49	369	1
aspirin	8 day	High	633	13.1	39.5	62.5	20.7	33.2	8.3	115.4	215.5	14	1	0	2	82	12.8	22.3	205	932	82	163	179	0.15	0.09	224	18	0.5	142	4.4	103	11.5	8.2	5.4	3.4	1.7	117	48	236	1
aspirin	8 day	High	626	14.2	41.6	66.6	22.7	34	8.7	115.4	106.3	11	1	0	2	84	13.1	21.1	212	892	73	166	172	0.16	0.11	198	17	0.5	142	3.7	101	11.2	6.3	5.2	3.4	1.9	85	54	219	2
aspirin	8 day	High	597	12.8	37.8	63.3	21.5	34	7.9	115.8	139.4	18	1	0	3	77	13.4	20.9	221	976	76	184	173	0.12	0.08	200	15	0.4	142	3.7	102	11	7.8	5.1	2.9	1.3	84	48	251	1
aspirin	15 day	High	712	14.6	42.2	59.3	20.5	34.6	4.6	125.4	170.2	13	0	0	2	82	13.3	21.2	195	761	64	151	147	0.11	0.07	168	12	0.5	143	4.1	103	10.3	8.2	5.2	3.4	1.9	76	43	161	1
aspirin	15 day	High	688	14.6	42.4	61.6	21.2	34.4	3.9	109.6	125.8	16	1	0	1	81	13.2	23.8	212	936	61	313	184	0.17	0.13	194	22	0.5	142	4.6	101	10.9	6.5	5.6	3.3	1.4	127	55	394	0
aspirin	15 day	High	670	14.5	41.1	61.3	21.6	35.3	4.8	132.1	120.6	11	1	0	2	85	12.9	20.4	218	880	59	358	173	0.17	0.13	185	15	0.5	141	4.2	100	10.6	6.9	5.4	3.3	1.6	82	33	231	1
aspirin	15 day	High	660	14.4	41.1	62.3	21.8	35.1	4.8	121.3	177.5	24	2	0	4	69	12.2	25.5	207	1026	67	237	169	0.19	0.14	156	17	0.5	139	5.2	102	11	8.4	5.2	3.4	1.9	101	54	533	1
aspirin	15 day	High	669	14.3	40.9	61.2	21.3	34.9	5.6	141.2	140	18	1	0	4	76	13.3	19.4	218	752	77	194	180	0.13	0.09	176	16	0.5	141	4	101	11	8.2	5.4	3.2	1.5	78	46	241	1
aspirin	29 day	High	791	15.1	43.9	55.6	19.1	34.4	3.2	106.9	96.5	17	1	0	2	78	13.5	24.2	202	786	53	234	151	0.15	0.1	198	17	0.5	144	3.6	104	10	6.1	5.3	3.2	1.5	83	39	209	2
aspirin	29 day	High	686	14.7	43.4	63.3	21.4	33.9	3.8	98.5	82.3	24	1	0	3	71	13.8	22.6	193	710	57	165	135	0.14	0.09	201	22	0.6	142	4.2	102	10.8	5.5	5.6	3.5	1.7	89	48	214	1
aspirin	29 day	High	772	14.8	43.4	56.1	19.2	34.2	2.4	84.5	126.4	21	1	0	3	74	16	28.2	221	770	58	160	142	0.14	0.08	236	16	0.5	141	4.1	103	10	6.8	5.1	3.3	1.8	82	38	159	1
aspirin	29 day	High	693	15.1	42.8	61.8	21.8	35.2	4.5	84.9	156.9	15	1	0	2	81	13.1	23.1	169	680	61	180	153	0.16	0.1	190	19	0.5	140	4	101	10.6	7.4	5.2	3.4	1.9	67	33	141	1
aspirin	29 day	High	791	14.9	42.7	54	18.8	34.9	2.8	76.3	114.1	17	1	0	3	79	13.5	21.3	186	913	62	123	152	0.16	0.1	197	18	0.5	142	4	103	10	6.5	5	3.4	2.1	107	45	172	0
diclofenac	3 hr	Control	638	13.9	39.9	62.5	21.8	34.9	7.1	100.5	131.8	12	0	0	2	84	12	21.9	211	1207	69	17	117	0.12	0.08	215	10	0.4	141	3.8	103	10	9.9	5.1	3.4	2	70	36	151	1
diclofenac	3 hr	Control	630	13.8	39.2	62.1	21.9	35.3	7.8	93.8	95.7	13	1	0	2	83	11.6	18.2	211	934	92	78	165	0.11	0.06	207	15	0.4	141	4.5	102	10.5	9.7	5.4	3.3	1.6	72	38	178	1
diclofenac	3 hr	Control	648	13.7	38	58.6	21.2	36.1	7.7	122.3	86.5	22	1	0	3	74	11.8	18.4	225	1101	77	63	142	0.12	0.07	196	10	0.4	140	3.8	103	10.7	9.2	5.6	3.3	1.4	74	38	192	1
diclofenac	3 hr	Control	595	13.5	38.8	65.2	22.6	34.7	8.2	104	86.4	11	1	0	3	84	11.9	17.5	216	957	76	87	146	0.11	0.07	200	15	0.4	142	4.6	104	11	9.9	5.3	3.1	1.4	68	35	217	1
diclofenac	3 hr	Control	647	14.7	40.8	63	22.8	36.2	8.5	122.6	93.1	14	0	0	2	82	12.1	16.8	214	920	73	39	130	0.12	0.07	246	11	0.5	140	4.6	102	10.5	11.1	5.3	3.3	1.6	66	30	208	1
diclofenac	6 hr	Control	661	13.7	39	58.9	20.8	35.3	7	116.4	110.2	18	1	0	4	75	11.5	18.1	216	831	75	61	137	0.11	0.07	195	9	0.4	140	4.1	104	10.2	9.7	5.4	3.4	1.7	85	37	197	1
diclofenac	6 hr	Control	653	13.6	38.9	59.6	20.9	35.1	8.6	124	132	8	0	0	1	88	11.8	19.7	237	1129	83	109	147	0.11	0.07	171	7	0.4	141	3.9	104	10.8	8.4	5.4	3.2	1.5	78	35	207	1
diclofenac	6 hr	Control	588	13	37.1	63.1	22.1	35	9	141.1	55.8	16	1	0	4	78	12	18.9	225	870	93	57	155	0.11	0.06	172	10	0.4	140	4.4	102	10.5	9.8	5.3	3.3	1.6	80	39	179	1
diclofenac	6 hr	Control	593	13.3	37.5	63.2	22.4	35.4	8	129.6	82.9	13	1	0	3	82	11.5	18.7	243	860	94	57	155	0.12	0.07	204	8	0.4	141	3.9	102	10.8	11.3	5.6	3.4	1.5	61	27	255	1
diclofenac	6 hr	Control	623	13.5	38.4	61.7	21.6	35.1	7.8	126.8	73.5	14	1	0	2	82	12.2	18	228	1002	62	60	119	0.12	0.06	192	9	0.4	141	4.1	103	10.6	10.8	5.4	3.4	1.7	68	35	209	1
diclofenac	9 hr	Control	625	13.5	38.5	61.6	21.5	35	7.7	125	99.5	15	0	0	2	80	12.4	19.9	225	784	69	28	123	0.12	0.07	249	10	0.4	140	4.4	102	10.5	10.6	5.5	3.5	1.8	57	24	208	1
diclofenac	9 hr	Control	595	13.3	37.6	63.1	22.3	35.3	7.2	117.9	85.4	14	1	0	3	81	12	18.5	216	1164	72	112	145	0.1	0.05	191	13	0.4	141	4.3	104	10.8	8.5	5.3	3.4	1.8	69	35	250	1
diclofenac	9 hr	Control	582	13.2	37.6	64.7	22.6	35	8.6	130.5	76	16	1	0	3	79	13	16.2	225	850	66	54	128	0.12	0.06	186	11	0.4	141	3.7	104	10.7	9.5	5.6	3.6	1.8	67	31	242	1
diclofenac	9 hr	Control	606	13.3	38	62.7	22	35.1	8.8	135.1	65.7	18	1	0	5	74	12.3	19.6	222	836	71	87	135	0.12	0.07	197	8	0.4	141	4.1	104	10.7	10.2	5.2	3.3	1.7	58	27	151	1
diclofenac	9 hr	Control	600	12.7	36.8	61.3	21.2	34.6	7.5	120.6	109	15	1	0	3	80	11.8	17.3	234	678	70	36	140	0.1	0.06	217	9	0.4	142	3.9	103	10.9	9.9	5.5	3.5	1.8	63	32	153	1
diclofenac	24 hr	Control	565	13	37.2	65.8	23.1	35	6.2	136.3	91.6	16	1	1	2	80	11.6	21.1	206	1226	75	111	149	0.1	0.06	189	15	0.4	141	4.1	103	10.9	7.5	5.7	3.5	1.6	86	50	241	1
diclofenac	24 hr	Control	591	12.9	37.3	63.1	21.9	34.7	6.7	124.1	101.3	17	2	1	3	76	11.1	18.5	254	879	80	135	163	0.1	0.06	186	15	0.5	141	4	102	11.1	7.3	5.8	3.6	1.6	74	39	200	2
diclofenac	24 hr	Control	610	13.2	37.9	62	21.7	34.9	6.3	138.3	108.3	18	1	1	3	76	11.5	19	228	977	66	98	137	0.11	0.06	206	13	0.4	141	4.3	103	11	7.6	5.8	3.5	1.5	80	38	249	1
diclofenac	24 hr	Control	596	12.9	37	62.1	21.6	34.8	6.7	143.7	92.9	18	1	1	3	76	12.2	19.2	216	1103	65	53	129	0.1	0.06	186	14	0.4	140	4.2	103	10.9	7.2	5.5	3.5	1.8	69	30	230	1
diclofenac	24 hr	Control	610	13.4	38.3	62.9	21.9	34.8	7	122	66.5	18	1	1	2	77	11.3	18.1	222	793	85	46	149	0.11	0.06	217	14	0.5	141	4.2	102	11	8.2	5.7	3.5	1.6	74	43	227	1
diclofenac	3 hr	Low	624	13.5	38.2	61.2	21.7	35.4	8.3	126.5	99.9	12	1	0	4	80	11.4	18.1	209	773	70	78	142	0.13	0.08	227	17	0.4	139	5.5	102	10.7	8.7	5.4	3.5	1.8	70	38	174	1
diclofenac	3 hr	Low	623	13.4	37.1	59.5	21.5	36.2	6.5	111.2	102.5	15	1	1	3	80	12.2	19.5	214	1169	56	25	99	0.11	0.06	190	9	0.4	142	4.1	104	10.6	9.8	5.6	3.5	1.7	70	38	216	1
diclofenac	3 hr	Low	609	13.1	37.1	61	21.5	35.2	8	113.7	84.7	13	1	0	5	79	12.1	15.5	219	954	73	115	145	0.1	0.06	210	15	0.4	141	4.7	104	10.7	9	5.3	3.2	1.5	64	32	238	1
diclofenac	3 hr	Low	628	13.5	38.1	60.6	21.5	35.5	8	98.2	75.2	19	1	0	4	75	11.5	18.3	219	910	81	33	138	0.1	0.06	190	12	0.4	141	4.1	104	10.7	9	5.4	3.3	1.6	69	39	194	1
diclofenac	3 hr	Low	615	14.3	40.8	66.3	23.2	35	7.3	132	70.4	13	1	0	5	79	11.7	18.8	237	1197	74	64	140	0.1	0.05	213	15	0.4	142	4.2	105	11.1	9.2	5.4	3.2	1.5	79	39	238	1
diclofenac	6 hr	Low	640	13.4	38.2	59.6	21	35.2	7.2	111.5	95.9	11	0	0	2	85	12	17.8	237	673	65	86	138	0.12	0.07	189	13	0.4	142	3.8	106	11.1	9.7	5.6	3.5	1.7	67	39	160	1
diclofenac	6 hr	Low	633	13.6	38.5	60.9	21.4	35.2	6.8	119.4	78.1	16	1	0	3	79	12.1	19.2	237	955	72	81	139	0.14	0.09	201	10	0.4	142	3.7	104	10.6	9.2	5.8	3.5	1.5	82	46	206	1
diclofenac	6 hr	Low	631	13.2	37.8	59.9	20.9	34.8	7.8	124.8	79	22	1	0	4	71	12.2	21.2	243	932	84	45	150	0.14	0.07	188	15	0.4	140	4.8	102	10.7	9.9	5.3	3.4	1.8	72	35	492	1
diclofenac	6 hr	Low	621	13.6	39.6	63.8	21.9	34.3	8.4	110.6	101.4	21	1	0	2	75	12.3	18.5	211	782	70	41	125	0.11	0.06	181	13	0.4	141	4.2	103	10.4	9.1	5.2	3	1.4	82	42	328	1
diclofenac	6 hr	Low	627	13.7	40	63.8	21.8	34.2	7.7	119.4	100.4	14	0	0	3	81	12	18.5	225	771	91	52	163	0.11	0.06	197	12	0.4	140	4.4	103	10.9	10.4	5.6	3.2	1.3	66	35	214	1
diclofenac	9 hr	Low	599	13	36.6	61.1	21.7	35.5	8.2	104.4	97	27	1	0	3	62	12.1	18.9	214	799	80	39	129	0.13	0.08	192	12	0.3	140	4.1	105	10	10.1	4.9	3.1	1.7	71	34	136	1
diclofenac	9 hr	Low	616	13.7	38.5	62.6	22.2	35.5	7.6	140.1	143.6	24	0	1	6	67	12.4	17.4	247	972	100	95	163	0.12	0.07	200	13	0.4	141	4.3	104	10.5	9.3	5.2	3.2	1.6	72	40	156	1
diclofenac	9 hr	Low	633	13.5	39	61.6	21.3	34.6	7.1	110.1	153.6	15	1	0	2	80	12.3	18.5	219	736	62	30	123	0.12	0.07	195	12	0.3	143	4.1	104	10.9	9.6	5.4	3.3	1.6	82	37	285	2
diclofenac	9 hr	Low	568	12.6	35.8	63.1	22.3	35.3	7.6	119.3	97.4	27	0	0	4	67	12.5	16.6	214	500	72	31	139	0.12	0.08	203	13	0.4	142	3.8	104	10.7	9.9	5.2	3.2	1.6	67	33	183	1
diclofenac	9 hr	Low	651	13.1	37.5	57.6	20.1	34.9	7.3	140.1	56.5	13	1	0	3	82	12.3	16.8	240	1018	74	36	131	0.11	0.06	211	11	0.4	142	4	104	10.4	10.7	5.4	3.4	1.7	57	28	160	1
diclofenac	24 hr	Low	581	13	37.9	65.3	22.4	34.3	7.4	102.5	137.7	18	1	1	4	75	11.7	19.7	254	683	72	102	128	0.11	0.06	212	14	0.4	141	3.9	103	10.7	7.4	5	3.1	1.6	69	31	162	1
diclofenac	24 hr	Low	589	13	36.1	61.4	22	35.9	6.7	113.3	113.6	23	1	1	3	71	11.1	21.1	259	860	78	138	160	0.11	0.06	193	16	0.4	140	4	102	11.2	7.6	5.5	3.3	1.5	57	32	222	0
diclofenac	24 hr	Low	627	13.5	39.7	63.4	21.5	34	6.4	120.7	81.3	15	1	1	4	78	11.3	19.6	259	960	78	110	141	0.11	0.06	196	11	0.4	143	4.1	106	10.7	6.9	5.7	3.5	1.6	66	35	187	1
diclofenac	24 hr	Low	611	13.6	38.6	63.3	22.2	35.1	6.6	129.4	117.2	22	1	0	3	74	11.9	18.9	214	844	55	119	125	0.11	0.05	196	15	0.4	142	4.1	103	11.2	7.9	5.8	3.6	1.6	63	34	279	1
diclofenac	24 hr	Low	596	13.1	37.6	63	21.9	34.8	6.2	146.8	122.8	12	1	1	3	82	11.3	18.5	247	1087	84	82	157	0.12	0.07	201	14	0.4	141	4	103	11.1	8.3	5.8	3.6	1.6	77	47	193	1
diclofenac	3 hr	Middle	635	14	39.6	62.3	22.1	35.4	7	117.7	95.9	15	1	0	2	80	12.3	19.4	225	1009	79	61	139	0.12	0.07	239	11	0.4	143	4	104	10.5	9.8	5.5	3.5	1.8	75	40	176	1
diclofenac	3 hr	Middle	618	14.2	39.3	63.6	23	36.2	7.6	109.1	100.9	19	1	1	4	75	12	18	214	1264	56	65	114	0.12	0.07	183	13	0.4	141	4	103	11.1	9.1	5.4	3.4	1.7	81	33	241	1
diclofenac	3 hr	Middle	642	14.9	42.1	65.5	23.1	35.3	7.4	117.7	83.4	16	1	1	3	79	11.7	17.6	250	988	72	94	139	0.11	0.06	204	12	0.4	142	4	104	11.1	9.3	5.7	3.4	1.5	77	51	193	1
diclofenac	3 hr	Middle	592	13.6	38	64.2	23	35.8	8.2	121.2	161.4	12	1	0	2	84	11.9	19.2	209	1016	64	54	125	0.1	0.07	209	13	0.4	140	3.9	102	10.5	9.6	5.5	3.3	1.5	74	36	257	1
diclofenac	3 hr	Middle	631	13.3	37.7	59.7	21	35.2	7	108.8	125.7	14	0	0	4	77	11.5	18.7	264	673	86	23	130	0.13	0.08	220	9	0.5	140	4.1	102	10.6	9.1	5.5	3.3	1.5	68	38	288	1
diclofenac	6 hr	Middle	616	13.7	39.2	63.7	22.2	34.9	7.6	121.9	134.6	34	1	0	3	59	12.2	18.4	214	923	70	89	125	0.11	0.07	180	14	0.4	141	4.6	105	10.4	8.7	5.5	3.1	1.3	78	43	224	0
diclofenac	6 hr	Middle	622	13.2	38.1	61.2	21.2	34.7	6.4	109.6	105.8	27	0	0	5	65	12	17.6	237	753	79	125	159	0.16	0.1	177	12	0.4	141	4.5	104	10.8	9	5.4	3.3	1.6	115	46	388	1
diclofenac	6 hr	Middle	663	13.7	40	60.3	20.7	34.3	6.6	106.3	124.5	39	0	1	6	53	12.1	19.1	240	800	89	93	171	0.14	0.08	181	9	0.4	140	4.1	100	10.8	9.7	5.6	3.4	1.5	77	41	212	1
diclofenac	6 hr	Middle	602	13.2	38.3	63.6	22	34.6	7.4	121.3	101.6	21	1	0	2	75	12.7	17	219	1232	62	41	118	0.12	0.08	192	15	0.4	142	3.9	103	10.2	9.5	5.3	3.1	1.4	81	39	241	1
diclofenac	6 hr	Middle	615	13.8	39.7	64.6	22.5	34.8	8.8	109.7	81.4	21	1	1	3	73	12.2	17.5	228	1020	67	63	131	0.12	0.07	199	12	0.4	140	4.2	102	10.7	9.6	5.5	3.3	1.5	72	37	254	1
diclofenac	9 hr	Middle	618	13.7	39	63.1	22.2	35.2	7.4	116.8	128.1	37	0	0	4	57	12.7	18.1	206	665	60	69	114	0.11	0.06	194	18	0.4	142	4.3	106	10.5	8.9	5	3	1.5	74	41	216	1
diclofenac	9 hr	Middle	633	14.1	40.3	63.7	22.2	34.9	7.8	138.2	143.3	37	0	0	7	53	12.6	17.6	222	771	56	40	102	0.11	0.07	210	15	0.4	140	4.7	102	10.7	10.6	4.9	3.1	1.7	61	32	151	2
diclofenac	9 hr	Middle	613	12.9	37.2	60.6	21.1	34.7	8.3	113	134.4	32	1	0	4	62	12.3	16.1	211	497	82	61	144	0.12	0.07	223	15	0.4	140	4.8	103	10.1	9.7	5	3	1.5	61	39	129	1
diclofenac	9 hr	Middle	622	13.3	38.1	61.2	21.3	34.9	7.3	120.8	73.5	19	1	0	3	75	12.5	18.2	214	814	74	28	132	0.13	0.08	192	10	0.4	142	3.7	105	10.6	9.9	5.5	3.3	1.5	82	41	284	2
diclofenac	9 hr	Middle	599	13.1	38.4	64.1	21.9	34.1	7.3	114.1	125.1	36	0	0	4	57	12.3	17.7	231	1040	68	37	123	0.13	0.07	224	19	0.5	138	4.8	102	10.7	10.2	5.3	3.3	1.6	60	33	198	1
diclofenac	24 hr	Middle	630	12.7	37.6	59.7	20.1	33.7	6	113.2	112.6	30	1	1	4	64	11.7	20.7	250	1152	55	69	117	0.11	0.06	230	14	0.5	139	4	101	10.5	7.1	5.4	3.2	1.5	65	36	167	1
diclofenac	24 hr	Middle	653	13.4	39.1	59.8	20.5	34.3	6.3	123	95.8	21	1	1	3	73	11.5	20.1	240	1095	69	204	160	0.11	0.06	205	15	0.4	140	4.5	101	10.8	7.4	5.7	3.4	1.5	61	26	335	1
diclofenac	24 hr	Middle	458	9.9	29.9	65.3	21.7	33.2	9.6	89.6	159.8	25	0	0	2	71	11.5	21.1	296	454	79	57	125	0.1	0.06	227	13	0.4	141	4.9	104	10	8.1	4.1	2.3	1.3	61	25	138	1
diclofenac	24 hr	Middle	517	11.3	32.9	63.8	21.9	34.3	7	107.2	150.7	33	0	0	3	62	11.7	19	343	1067	72	126	135	0.1	0.05	185	13	0.4	143	4.4	107	10.8	6.1	5.1	3.1	1.5	58	29	181	1
diclofenac	24 hr	Middle	619	13.2	37.7	60.9	21.3	35	6.5	128.6	115.1	22	1	0	3	73	11.4	18.7	274	1382	77	89	149	0.1	0.05	202	14	0.4	142	4.1	104	10.6	9.1	5.4	3.2	1.5	77	41	197	1
diclofenac	3 hr	High	603	14	40	66.3	23.3	35.1	7.6	113.6	91.4	12	1	1	2	84	11.5	19.9	206	1083	73	60	138	0.14	0.08	210	12	0.4	143	3.8	104	10.7	10.1	5.7	3.7	1.9	74	36	202	1
diclofenac	3 hr	High	593	12.7	36.2	61.1	21.4	35.1	8.5	123.7	64.6	15	1	0	3	80	11.4	19.2	250	936	71	72	131	0.12	0.08	220	12	0.4	141	4.2	103	10.5	9.6	5.7	3.2	1.3	66	36	199	1
diclofenac	3 hr	High	614	13.4	37.7	61.4	21.9	35.6	7.7	115.5	118	21	0	0	4	71	11.9	16.4	214	793	67	48	116	0.13	0.07	193	11	0.4	141	3.9	104	10.6	9.1	5.3	3.3	1.6	77	45	169	1
diclofenac	3 hr	High	605	13.7	38.7	63.9	22.5	35.3	8.1	104.5	114.1	14	0	0	3	80	12.3	17.9	206	1232	65	31	106	0.14	0.1	190	11	0.4	142	4.4	105	10.6	9.5	5.3	3.2	1.5	71	37	208	1
diclofenac	3 hr	High	614	13.1	38	61.9	21.4	34.5	7.7	128.1	116.4	11	1	0	3	83	11.8	17.8	219	869	69	47	123	0.13	0.08	214	13	0.5	142	4.1	102	11.1	9.8	5.5	3.5	1.8	64	32	274	1
diclofenac	6 hr	High	608	13.9	38.5	63.4	22.8	36	7.2	152.3	97.1	16	1	1	3	78	12.1	22.3	225	834	77	40	122	0.15	0.1	189	13	0.4	141	4	105	10.4	9.4	5.4	3.3	1.6	65	28	188	1
diclofenac	6 hr	High	649	13.8	40.2	61.9	21.2	34.3	8.1	124.1	147.9	40	0	0	4	52	12.3	18.2	206	790	72	114	146	0.15	0.08	191	16	0.4	141	4.2	102	10.1	9	5.1	3	1.4	72	34	213	1
diclofenac	6 hr	High	653	13.4	38.6	59.2	20.6	34.8	8.7	129.9	120.1	32	0	1	6	60	12.6	18.1	231	797	76	40	130	0.16	0.1	176	13	0.4	139	4.9	101	10.5	9.4	5.3	3.3	1.6	74	44	268	1
diclofenac	6 hr	High	637	13.3	38.6	60.6	20.9	34.4	7.5	138.4	144.4	28	0	0	4	65	12.4	17.9	254	1167	79	30	132	0.15	0.09	203	12	0.5	140	4	103	10.3	9.7	5.5	3.2	1.4	76	42	181	1
diclofenac	6 hr	High	639	13.8	39.7	62.1	21.5	34.7	6.9	101.7	103.1	23	0	0	3	70	12.5	17.1	216	893	49	34	104	0.15	0.1	199	12	0.4	140	4.3	104	10	9.5	5	3.2	1.8	84	37	313	1
diclofenac	9 hr	High	614	13.3	37.5	61.1	21.6	35.4	7.5	120.9	105.9	32	0	0	4	63	12.7	19.4	214	963	54	36	97	0.13	0.08	188	19	0.4	142	4.7	104	10.6	10.4	5.3	3.2	1.5	71	34	237	1
diclofenac	9 hr	High	616	12.8	36.7	59.5	20.7	34.9	6.7	125.7	99.2	13	0	0	3	82	12.5	17.8	211	777	74	66	137	0.13	0.07	182	17	0.4	140	4.1	103	10.6	9.4	5	3.1	1.6	64	35	174	2
diclofenac	9 hr	High	619	12.8	36.7	59.3	20.6	34.8	7	117.2	102.4	51	0	0	5	41	12.8	18	206	756	64	16	102	0.11	0.06	191	20	0.4	138	4.3	101	9.4	9.5	4.3	2.6	1.5	64	30	146	1
diclofenac	9 hr	High	603	13.2	37.9	62.8	21.9	34.8	7.3	96.5	114.2	43	0	0	5	49	13.2	17.8	250	699	63	15	110	0.13	0.08	181	16	0.3	142	4.1	105	10.5	10	4.9	2.9	1.5	63	24	115	1
diclofenac	9 hr	High	636	13.6	38.9	61.3	21.4	34.9	7.7	104.7	149.1	50	0	0	5	43	12.9	17.5	240	833	60	24	118	0.14	0.08	202	11	0.4	142	4.2	104	10.3	9.9	5.2	3.1	1.5	65	37	281	1
diclofenac	24 hr	High	262	5.9	17.3	66.2	22.4	33.8	13.3	53.7	80.5	30	0	0	3	61	11.6	25.4	335	301	56	179	109	0.1	0.05	173	21	0.3	140	3.9	102	9	9.5	3.3	1.7	1.1	52	28	97	1
diclofenac	24 hr	High	260	5.1	15.8	60.7	19.8	32.6	12	58.1	149.3	23	0	0	2	74	11.6	23.9	335	377	56	133	94	0.11	0.06	163	28	0.4	141	4.5	105	8.6	11.2	3.1	1.6	1.1	44	26	89	1
diclofenac	24 hr	High	549	12.3	34.8	63.4	22.5	35.5	6	108.9	130.1	29	0	1	6	60	11.8	18.6	358	689	62	134	138	0.11	0.07	194	13	0.4	141	4	102	10.2	7.7	4.6	2.4	1.1	61	39	222	1
diclofenac	24 hr	High	283	5.6	17.1	60.5	19.7	32.6	11.4	53.5	133	33	1	0	3	62	12.4	23.6	314	280	66	290	133	0.11	0.05	195	27	0.4	140	4.3	104	9.3	9.2	3.2	1.8	1.3	38	23	75	1
diclofenac	24 hr	High	293	6	18.7	63.7	20.4	32	11.7	63.5	168.4	26	0	0	2	69	11.4	24	308	335	64	180	117	0.1	0.05	175	45	0.3	140	5.3	106	9	12.1	3.3	1.6	0.9	44	28	87	1
indomethacin	3 hr	Control	626	13.1	39.2	62.6	20.9	33.4	10.8	130.7	85.2	12	1	0	9	78	13	16.8	221	1661	79	70	140	0.29	0.02	199	14	0.5	139	4.9	104	10.6	10.1	6.4	3.8	1.5	75	37	126	1
indomethacin	3 hr	Control	668	14.4	43.9	65.7	21.5	32.7	8.9	102	137	10	0	0	14	76	12.2	16.9	226	1359	81	65	147	0.13	0	194	11	0.5	138	4.9	104	10.9	10.5	6.3	4	1.7	78	41	116	1
indomethacin	3 hr	Control	628	13.9	41.9	66.8	22.2	33.2	8.8	96.7	112	8	1	0	11	81	12.9	15.8	172	1452	69	64	123	0.27	0.03	212	15	0.5	138	5.9	107	10.7	10	5.9	3.7	1.7	66	38	83	1
indomethacin	3 hr	Control	556	12.7	37.7	67.7	22.8	33.7	11	101.8	81.3	10	0	0	8	82	13	19	195	784	58	38	106	0.33	0.01	186	10	0.6	138	4.4	107	10.1	9.1	5.9	3.6	1.6	67	37	105	1
indomethacin	3 hr	Control	616	13.7	41.4	67.2	22.3	33.1	11.6	113.9	127	8	1	0	9	83	12.7	15.7	194	701	87	44	131	0.28	0	181	11	0.5	136	5.3	106	10.8	10.1	5.9	3.7	1.7	62	42	94	2
indomethacin	6 hr	Control	646	13.8	41.7	64.5	21.4	33.2	8.7	104.7	91.7	5	0	0	7	87	13.2	17.6	210	1153	66	51	119	0.12	0.02	197	12	0.5	136	5	104	10.5	9	6	3.8	1.7	66	37	90	3
indomethacin	6 hr	Control	601	14.1	41.6	69.2	23.4	33.8	9.9	99.5	160	15	1	0	9	76	12.4	17.1	227	817	79	44	128	0.34	0.02	208	15	0.6	137	4.6	105	10.4	9.2	6.4	4	1.7	63	37	77	2
indomethacin	6 hr	Control	599	13	39.8	66.4	21.8	32.7	10.6	104.2	95.2	20	1	0	3	77	12.5	18.1	193	1005	65	43	122	0.37	0.04	185	11	0.5	137	5.1	106	9.9	10	5.7	3.7	1.9	69	34	70	1
indomethacin	6 hr	Control	670	13.9	42.7	63.7	20.7	32.4	8.4	108.2	86.2	20	1	0	8	71	12.5	17.4	212	1354	74	35	122	0.23	0.04	203	12	0.5	138	4.6	107	10.2	10.4	6.3	3.9	1.6	74	33	73	1
indomethacin	6 hr	Control	581	13	39.1	67.2	22.4	33.3	9	106.8	124	11	1	0	7	80	12.8	17.4	204	1178	62	22	105	0.34	0.04	173	8	0.4	138	4.6	108	9.5	10.3	5.8	3.7	1.8	70	30	76	2
indomethacin	9 hr	Control	584	13.3	39.9	68.3	22.8	33.4	11.2	106.5	188	7	0	0	6	87	12.6	17.2	201	731	78	29	128	0.58	0.02	179	14	0.5	138	5.2	108	10.1	10.1	5.5	3.6	1.9	71	32	126	1
indomethacin	9 hr	Control	631	13.6	41	65	21.6	33.2	9.6	92.4	122	8	0	0	8	83	11.8	16.8	194	1401	81	58	140	0.49	0	217	14	0.5	137	4.8	107	10.7	9.7	5.5	4	2.7	83	42	110	2
indomethacin	9 hr	Control	570	12.7	38.2	67	22.2	33.1	11.7	103.5	98.1	11	1	0	10	78	12.5	14.8	226	724	79	70	142	0.54	0.08	205	14	0.6	139	5.5	108	10.5	10	5.4	3.9	2.6	60	27	97	2
indomethacin	9 hr	Control	658	13.8	41.6	63.2	20.9	33.1	9.1	95.8	91.5	17	0	0	1	81	12.6	17.7	227	867	91	29	142	0.53	0.04	166	7	0.5	138	4.6	107	9.9	10.1	5.4	3.9	2.6	66	36	75	2
indomethacin	9 hr	Control	607	12.8	39.1	64.3	21.1	32.9	9.4	105.6	106	8	1	0	7	85	12.9	17.1	208	784	76	31	136	0.52	0.07	188	13	0.4	138	5.3	105	10	11.4	5.4	3.9	2.6	64	32	86	3
indomethacin	24 hr	Control	613	13.2	39.9	65.1	21.6	33.2	9.5	110.4	153	11	1	0	10	77	11.9	16.8	221	1025	94	79	167	0.16	0	175	20	0.5	139	7.4	101	10.8	9.6	6.1	4.1	2.1	68	41	108	1
indomethacin	24 hr	Control	642	13.7	41	63.8	21.3	33.4	8.2	104.3	88.2	7	1	0	2	90	12	15.5	218	1049	79	117	154	0.33	0.01	182	19	0.5	138	5.6	104	10.3	7.6	5.8	4	2.2	65	33	106	1
indomethacin	24 hr	Control	593	13.5	40.5	68.3	22.8	33.4	9.1	95.1	99.1	12	1	0	20	67	12	17.1	211	928	85	84	153	0.19	0	206	16	0.6	138	5	108	10.4	8.4	5.9	4	2.1	69	36	90	1
indomethacin	24 hr	Control	663	13.8	43	64.9	20.8	32.1	9.2	109	100	11	1	0	10	78	12.6	17.1	230	1233	74	77	136	0.31	0	184	19	0.5	139	5.5	107	10.3	8.5	6.1	4	1.9	73	55	102	2
indomethacin	24 hr	Control	626	13.4	40.9	65.4	21.4	32.8	9.6	58.3	92.2	6	1	0	10	83	12.2	17.2	212	1313	84	63	156	0.25	0.04	180	16	0.6	140	5	105	10.8	9.8	5.7	4	2.4	65	33	124	1
indomethacin	3 hr	Low	633	13.6	40.8	64.5	21.5	33.2	8.5	106.1	102	8	0	0	2	89	12.5	17.7	216	784	71	37	125	0.26	0	181	15	0.4	138	4.9	106	10.6	7.9	6.1	3.8	1.7	66	33	96	2
indomethacin	3 hr	Low	581	13.2	39.3	67.6	22.7	33.5	10.9	103.5	88.7	10	1	0	10	80	12.6	17.9	212	1158	67	37	120	0.3	0.05	207	12	0.5	140	4.4	108	10.6	9.6	6.1	3.9	1.8	73	39	99	1
indomethacin	3 hr	Low	607	13.4	40.5	66.8	22	33	8	106.3	91.9	10	1	0	6	84	12.2	17.2	234	1645	61	51	118	0.38	0.01	180	11	0.5	137	5.3	106	10.1	8.8	6.1	3.9	1.8	71	39	118	3
indomethacin	3 hr	Low	620	13	39.5	63.8	20.9	32.8	9.6	104.8	83.7	11	1	0	14	74	12.5	16	225	909	85	50	137	0.29	0	187	12	0.4	136	4.7	105	10.6	9.3	6.2	3.8	1.6	63	35	91	1
indomethacin	3 hr	Low	609	13.3	40.1	65.8	21.8	33.1	10.9	76.6	111	10	0	0	11	79	12	17.2	225	816	94	34	152	0.3	0.03	184	9	0.5	136	4.5	103	10.8	9.6	6.2	3.7	1.5	70	41	96	1
indomethacin	6 hr	Low	609	14	41.6	68.3	22.9	33.5	10.9	104.8	128	10	0	0	9	80	12.2	17.4	212	1526	81	57	138	0.16	0	188	12	0.5	137	5.4	105	10.6	9.6	6.1	3.7	1.5	89	49	99	1
indomethacin	6 hr	Low	607	13.7	41.3	68.1	22.5	33.1	8.8	101.3	108	11	0	0	8	80	12.9	17	211	1494	67	73	118	0.35	0	189	13	0.5	137	5.2	106	10.3	8.4	6	4	2	66	34	76	1
indomethacin	6 hr	Low	663	13.9	42.1	63.5	20.9	33	9.2	117.4	66.4	15	1	0	11	73	11.9	17.4	215	926	94	63	149	0.35	0.04	205	9	0.4	137	5.1	107	10.1	8.6	6	3.9	1.9	75	41	90	1
indomethacin	6 hr	Low	613	13.3	39.9	65.1	21.6	33.2	9.8	106.7	113	14	1	0	10	76	12.6	13.7	201	968	61	35	104	0.34	0.03	185	13	0.5	137	4.9	105	10.1	10.4	5.9	3.6	1.6	64	27	83	2
indomethacin	6 hr	Low	624	13.2	40.6	65.1	21.2	32.5	8.3	91.9	99.1	8	1	0	7	85	13	18.1	214	1178	76	38	123	0.35	0.03	190	8	0.5	136	4.8	105	10.1	10	6.1	3.8	1.7	59	28	70	2
indomethacin	9 hr	Low	571	13.3	39.4	69.1	23.4	33.8	12.4	123.8	181	11	1	0	8	80	12.4	17.4	217	623	85	61	143	0.31	0.03	190	8	0.5	137	4.9	106	10.1	9.7	5.6	3.8	2.1	64	40	90	2
indomethacin	9 hr	Low	622	13.4	40.4	65	21.6	33.2	10.3	101.1	127	10	1	0	5	84	13	17.2	209	809	110	27	165	0.4	0	171	9	0.4	136	5.2	106	10.1	9.7	5.3	3.8	2.5	61	30	65	1
indomethacin	9 hr	Low	598	13	39.1	65.4	21.7	33.3	9.4	94.5	110	6	0	0	9	85	12.6	15.2	207	1204	72	63	134	0.48	0.03	189	11	0.5	137	5.7	108	9.9	10.4	5.2	3.8	2.7	69	40	108	1
indomethacin	9 hr	Low	589	12.3	37.3	63.3	21	33.1	9.9	114.1	144	12	1	0	7	81	12.7	16.1	206	887	82	40	137	0.53	0.02	197	11	0.5	138	4.9	106	10.2	10	5.4	4.2	3.5	62	31	63	2
indomethacin	9 hr	Low	630	13.6	40.9	64.9	21.5	33.2	9	77.2	143	7	1	0	4	88	12.5	16.6	226	1052	80	35	129	0.61	0.28	190	14	0.5	139	5	108	9.8	10.4	5	3.5	2.3	85	37	138	1
indomethacin	24 hr	Low	634	14.5	43.5	68.6	22.9	33.4	9.6	114.7	132	10	0	0	8	81	11.7	16.1	216	852	98	47	164	0.22	0	210	16	0.5	137	5.1	104	10.5	8.9	5.9	4	2.1	72	54	101	1
indomethacin	24 hr	Low	654	13.7	41.2	63.1	20.9	33.1	7.2	98.2	120	8	1	0	8	83	12.2	16.9	207	1264	91	81	160	0.26	0	228	18	0.5	138	4.9	107	10	8.4	5.7	3.9	2.2	75	42	84	1
indomethacin	24 hr	Low	633	13.6	41.5	65.6	21.4	32.7	9.2	113.4	105	22	1	0	9	68	12.5	18	208	1213	67	63	115	0.31	0.03	212	19	0.6	139	5.3	105	10.3	7.9	5.8	4.1	2.4	68	37	83	1
indomethacin	24 hr	Low	581	12.7	37.5	64.7	21.9	33.9	9.4	123.8	114	9	1	0	7	83	12.6	16.5	171	1027	99	100	171	0.37	0.02	179	15	0.5	139	5	105	10.3	8.3	5.5	3.8	2.2	71	36	73	1
indomethacin	24 hr	Low	602	13.2	39.8	66.1	21.8	33	9.5	111.4	120	8	1	0	12	80	12.4	16.5	189	1350	87	69	154	0.36	0.03	184	15	0.6	139	5	105	10.6	9.7	5.6	3.8	2.1	69	37	84	1
indomethacin	3 hr	Middle	594	13.4	40.2	67.7	22.6	33.4	11.2	98.8	92.5	11	0	0	13	76	12.7	17.2	216	1204	70	42	124	0.34	0.1	185	14	0.5	138	5	106	10.5	9.4	5.9	3.7	1.7	75	45	102	1
indomethacin	3 hr	Middle	613	13.4	40.4	66	21.9	33.2	11.1	106.5	107	8	1	0	9	83	12.3	16.9	215	1371	79	67	147	0.4	0.03	191	12	0.4	139	4.5	106	10.5	9.4	6.2	3.7	1.5	75	41	96	1
indomethacin	3 hr	Middle	630	14	42.6	67.5	22.3	33	10.6	124.7	81.2	10	1	0	9	80	12.8	16.3	201	1292	67	27	109	0.3	0.04	182	9	0.4	136	5.2	107	10.2	10.2	5.9	3.7	1.7	73	36	91	1
indomethacin	3 hr	Middle	571	12.8	37.6	65.7	22.4	34	9.1	105.8	122	17	1	0	5	78	12.4	17.2	242	1090	80	44	134	0.29	0.06	184	9	0.3	137	4.7	103	10.4	10.4	6.1	3.8	1.7	72	39	108	2
indomethacin	3 hr	Middle	639	13.8	40.9	64.1	21.6	33.7	9.6	112.5	94	11	1	0	4	84	12.8	17.2	201	836	65	20	111	0.43	0.05	184	9	0.5	137	4.8	107	9.9	10.5	6	3.5	1.4	77	38	100	1
indomethacin	6 hr	Middle	602	13.5	40.7	67.7	22.4	33	9.9	108.9	94.5	8	0	0	10	82	12.2	16.6	207	784	76	49	130	0.32	0	203	14	0.4	138	4.8	107	10.4	8.8	6.1	4	1.9	68	36	89	3
indomethacin	6 hr	Middle	630	13.6	41	65.1	21.7	33.3	9.8	113.4	95.6	8	1	0	8	83	12.8	17.5	198	1381	67	39	108	0.32	0.01	177	9	0.6	137	5	108	10	9.5	5.8	3.8	1.9	89	44	102	2
indomethacin	6 hr	Middle	577	12.5	37.4	64.9	21.6	33.4	9.9	114.9	69.2	21	1	0	9	69	11.9	16.6	214	1245	80	61	133	0.38	0.06	182	9	0.5	138	5.1	108	9.8	8.2	5.7	3.6	1.7	67	34	87	2
indomethacin	6 hr	Middle	641	13.3	40	62.5	20.7	33.2	9.7	101.1	68.5	15	1	0	2	83	12.8	17	214	565	72	23	114	0.37	0.05	191	10	0.5	138	4.9	107	10.2	9.6	6	3.8	1.7	79	33	80	1
indomethacin	6 hr	Middle	639	13.7	41.7	65.2	21.5	32.9	8.5	95	95	8	1	0	3	89	12.8	17.5	201	820	72	21	119	0.13	0.06	189	11	0.5	136	4.8	105	9.9	9.5	5.9	3.9	2	72	37	99	3
indomethacin	9 hr	Middle	592	13.3	39.8	67.2	22.5	33.4	9.5	113.6	135	14	0	0	9	77	12.8	16.7	206	1169	63	53	116	0.54	0	199	12	0.4	137	5.2	106	10.1	10.3	5.1	3.7	2.6	74	37	98	1
indomethacin	9 hr	Middle	604	12.7	38.4	63.5	21.1	33.2	8.4	111.3	110	7	1	0	4	89	12.5	16.6	216	964	61	38	112	0.55	0.04	194	14	0.5	139	5.1	107	10.4	10.8	5.3	3.8	2.5	63	35	70	2
indomethacin	9 hr	Middle	624	13.5	40.8	65.4	21.6	33	9.4	112.4	130	11	1	0	8	80	12.3	16.8	206	583	67	27	117	0.51	0	189	15	0.5	136	5	106	10.2	10.1	5.5	3.9	2.4	63	35	86	1
indomethacin	9 hr	Middle	598	13.2	40.5	67.7	22.1	32.7	11.5	101.9	129	20	1	0	12	67	12.1	16	207	852	95	23	150	0.46	0.01	200	12	0.4	138	4.9	107	10.1	10.5	5.3	3.9	2.8	67	36	73	1
indomethacin	9 hr	Middle	593	12.9	39.6	66.7	21.8	32.7	9.6	102.1	67.5	7	0	0	8	85	12.5	16.7	215	1152	75	36	134	0.54	0	216	18	0.5	141	4.7	108	10.1	11	5.4	4.1	3.2	61	33	77	4
indomethacin	24 hr	Middle	631	13.2	39.9	63.3	21	33.1	7.6	84.3	107	7	0	0	8	85	12.3	17.8	208	1148	66	59	115	0.27	0	198	17	0.5	137	5.4	105	10	7.5	5.5	3.8	2.2	70	31	83	1
indomethacin	24 hr	Middle	616	13.4	40.4	65.5	21.8	33.2	8.2	105.6	116	11	1	0	9	79	12	16	211	1409	81	145	156	0.35	0	192	16	0.5	138	5	108	10.4	6.2	5.7	4	2.4	75	46	83	1
indomethacin	24 hr	Middle	640	13.7	41.9	65.5	21.5	32.8	9.9	86.6	95.9	11	1	0	10	79	12.2	16	207	1417	64	86	124	0.4	0.02	191	16	0.5	139	5.1	107	10.4	7.7	5.6	4	2.5	77	44	109	1
indomethacin	24 hr	Middle	612	13	39.1	64	21.2	33.1	8.6	105.2	112	15	1	0	10	75	11.9	14	197	1095	89	76	159	0.43	0	198	16	0.6	138	4.5	106	10.6	9.1	5.6	3.9	2.3	67	37	60	2
indomethacin	24 hr	Middle	635	13.9	42.3	66.6	21.9	32.9	8.8	100.2	131	7	1	0	7	85	12	16.8	200	1095	77	110	149	0.29	0	198	17	0.5	140	4.6	106	10.4	9.9	5.6	4	2.5	64	33	83	2
indomethacin	3 hr	High	647	13.8	40.9	63.2	21.4	33.8	9.3	100.9	140	8	0	0	9	83	12.8	15.5	223	1210	67	106	122	0.25	0.06	188	13	0.4	138	5	104	10.5	9.8	6.1	3.7	1.5	75	60	90	1
indomethacin	3 hr	High	594	13.1	39.4	66.3	22.1	33.4	9.3	112.3	114	15	0	0	11	73	12.4	17.1	202	903	90	44	146	0.29	0	198	10	0.3	136	5	106	10.5	8.8	6	3.5	1.4	65	33	230	1
indomethacin	3 hr	High	642	14.2	42.7	66.5	22.1	33.2	7.1	97.1	117	16	1	0	10	74	12.6	17	210	1144	64	46	118	0.36	0.02	188	9	0.5	136	5.3	107	9.9	8.2	6	3.7	1.6	71	35	94	1
indomethacin	3 hr	High	645	13.6	41	63.6	21.1	33.3	10.4	122.9	150	14	0	0	7	79	12.6	16.4	207	938	71	36	124	0.3	0.03	189	11	0.6	138	4.6	104	10.9	10.2	6.2	3.7	1.5	71	43	242	1
indomethacin	3 hr	High	645	13.5	41.4	64.2	21	32.7	8.5	109.7	130	9	0	0	8	83	11.9	16.6	213	1233	67	43	121	0.33	0.06	192	12	0.4	137	4.9	105	10.5	10.4	6	3.5	1.4	69	42	204	2
indomethacin	6 hr	High	630	13.4	41.4	65.7	21.3	32.3	11.1	107.7	84.6	12	1	0	10	77	12.9	16.5	207	1133	61	50	113	0.32	0.03	201	12	0.6	137	5.6	108	9.8	9	6	4	2	69	40	85	1
indomethacin	6 hr	High	589	12.1	37.1	63.1	20.5	32.5	11.2	107.1	94.2	24	1	0	12	64	12.8	16.5	189	801	78	33	124	0.3	0	177	13	0.5	139	5.1	109	10.2	9.9	5.7	3.8	2	80	38	245	1
indomethacin	6 hr	High	595	12.7	38.3	64.3	21.4	33.3	9.7	105.5	55.5	17	1	0	27	55	12.2	15.9	230	1010	67	38	117	0.25	0	198	18	0.5	137	4.9	107	10.9	9.1	5.9	3.9	2	67	32	89	1
indomethacin	6 hr	High	581	12.8	38.6	66.4	21.9	33.1	9.3	118.8	120	20	1	0	11	68	12.8	16.8	209	886	80	50	141	0.32	0.03	206	11	0.5	137	4.9	109	10	9.4	5.9	3.7	1.7	59	36	209	1
indomethacin	6 hr	High	578	12.4	37.7	65.2	21.5	33	10.2	124.6	81.7	11	0	0	5	83	13.4	18.8	191	713	56	69	105	0.3	0.01	192	14	0.5	137	5.1	108	10.3	9.7	5.5	3.5	1.8	70	32	304	2
indomethacin	9 hr	High	582	13.1	39.2	67.4	22.5	33.3	10.1	100	99	5	1	0	10	84	13.2	17.4	227	1061	54	50	99	0.48	0.06	209	14	0.4	136	5.7	105	10.1	9.6	5.5	4	2.7	60	36	102	1
indomethacin	9 hr	High	616	13	39	63.3	21.1	33.4	9.4	102.3	138	8	0	0	9	83	12.7	16.9	214	787	65	38	118	0.44	0.09	173	15	0.7	137	5	108	10.3	9.9	5.4	3.9	2.6	68	39	222	7
indomethacin	9 hr	High	640	13.7	41.5	64.8	21.4	33.1	9.1	90	124	10	1	0	8	81	12.6	17.6	202	993	77	30	135	0.54	0.01	174	11	0.4	135	5	104	9.9	9.9	5.2	3.7	2.5	68	38	102	1
indomethacin	9 hr	High	608	13	39.1	64.2	21.4	33.3	9.1	112.6	72.1	7	0	0	5	88	12.3	15.5	220	785	61	27	106	0.54	0.02	185	12	0.4	139	5.2	104	10.4	10.6	5.5	3.8	2.2	70	28	318	2
indomethacin	9 hr	High	601	13	39.2	65.3	21.7	33.2	10.1	108.3	102	7	1	0	7	85	12.1	17.2	205	1182	71	27	127	0.53	0.03	176	11	0.6	139	5.4	107	9.9	9	5.5	3.9	2.4	64	32	220	2
indomethacin	24 hr	High	607	13.2	39.5	65.1	21.7	33.3	9.4	104.8	82.4	11	1	0	10	79	12.1	17.2	199	897	69	92	125	0.3	0	216	18	0.5	138	5.1	105	10.6	8	5.8	3.8	1.9	67	46	100	0
indomethacin	24 hr	High	588	13.3	40.2	68.3	22.7	33.2	10.5	117.3	106	8	1	0	5	86	12.2	16.2	197	1082	79	61	147	0.39	0.02	195	20	0.6	139	5	106	10.4	6.9	5.7	3.9	2.2	78	40	167	1
indomethacin	24 hr	High	635	13.5	40.9	64.5	21.2	32.9	8.7	103.5	83.4	11	1	0	10	79	12.3	17.3	200	1013	89	77	145	0.29	0	187	18	0.4	138	5.2	107	10.2	7.3	5.6	3.7	2	66	41	90	2
indomethacin	24 hr	High	531	11.5	34.8	65.5	21.7	33.1	10.3	79.4	156	22	0	0	10	68	12.2	18.3	333	579	83	42	127	0.27	0.01	194	8	0.5	139	4.7	107	10.2	10.3	5	3.1	1.6	64	32	162	3
indomethacin	24 hr	High	616	13.6	40.7	66	22	33.3	10	98.5	153	15	1	0	6	78	12.1	16.5	232	824	67	54	123	0.34	0	194	13	0.6	140	4.6	106	10.6	9.6	6	4.1	2.2	76	43	211	1
indomethacin	4 day	Control	618	13.2	39.8	64.4	21.3	33.1	7.4	125.8	178	8	1	0	8	84	10.8	17.9	219	1334	74	128	156	0.21	0.04	222	19	0.6	138	5.4	106	10.6	6.4	6.1	4.1	2.1	60	36	89	0
indomethacin	4 day	Control	618	13.2	39.8	64.4	21.3	33.1	7.4	125.8	178	8	1	0	8	84	10.8	17.9	219	1334	74	128	156	0.21	0.04	222	19	0.6	138	5.4	106	10.6	6.4	6.1	4.1	2.1	60	36	89	0
indomethacin	4 day	Control	614	13.2	40	65.2	21.5	32.9	7.8	123.1	104	10	1	0	10	79	11.3	16.3	215	1167	72	59	130	0.42	0.03	188	15	0.7	139	5.1	108	10.3	6.9	5.5	3.5	1.8	67	31	90	1
indomethacin	4 day	Control	614	13.2	40	65.2	21.5	32.9	7.8	123.1	104	10	1	0	10	79	11.3	16.3	215	1167	72	59	130	0.42	0.03	188	15	0.7	139	5.1	108	10.3	6.9	5.5	3.5	1.8	67	31	90	1
indomethacin	4 day	Control	621	12.9	38.4	61.9	20.7	33.5	7.7	114.3	120	13	1	0	6	81	11.6	16.8	195	918	65	81	131	0.41	0.02	193	14	0.6	139	4.7	105	10.5	7.1	5.5	3.7	2.1	57	34	82	2
indomethacin	4 day	Control	615	13.6	41.1	66.9	22.1	33	8	113	78.9	12	1	0	5	82	11.2	17.1	200	1228	69	63	138	0.52	0.03	193	13	0.6	141	4.5	109	10.1	7	5.6	3.9	2.3	58	32	105	1
indomethacin	4 day	Control	615	13.6	41.1	66.9	22.1	33	8	113	78.9	12	1	0	5	82	11.2	17.1	200	1228	69	63	138	0.52	0.03	193	13	0.6	141	4.5	109	10.1	7	5.6	3.9	2.3	58	32	105	1
indomethacin	4 day	Control	658	14.1	42.4	64.4	21.4	33.2	7.3	133.6	105	8	0	0	11	81	11.1	16.8	230	1127	91	103	167	0.3	0.04	213	16	0.6	141	4.1	107	11.1	9.5	5.8	4.1	2.4	58	33	110	1
indomethacin	8 day	Control	645	13.6	40.4	62.6	21	33.6	6.1	113.7	158	11	1	0	9	79	11.8	17.9	217	848	76	179	170	0.33	0	209	23	0.5	137	5.3	104	10.8	8	6.4	4.2	1.9	68	35	97	0
indomethacin	8 day	Control	645	13.6	40.4	62.6	21	33.6	6.1	113.7	158	11	1	0	9	79	11.8	17.9	217	848	76	179	170	0.33	0	209	23	0.5	137	5.3	104	10.8	8	6.4	4.2	1.9	68	35	97	0
indomethacin	8 day	Control	710	14.6	43.4	61.2	20.6	33.7	5	106	136	8	1	0	3	87	11.5	17	212	877	65	109	146	0.27	0.04	188	18	0.6	139	5	107	10.8	8	6.1	4.1	2.1	65	29	86	1
indomethacin	8 day	Control	689	14.2	42.6	61.9	20.6	33.3	4.5	117.7	148	9	1	0	7	83	12	15.2	224	919	73	90	132	0.33	0	204	15	0.5	140	5.4	108	10.3	7.8	5.9	3.9	2	60	38	80	0
indomethacin	8 day	Control	689	14.2	42.6	61.9	20.6	33.3	4.5	117.7	148	9	1	0	7	83	12	15.2	224	919	73	90	132	0.33	0	204	15	0.5	140	5.4	108	10.3	7.8	5.9	3.9	2	60	38	80	0
indomethacin	8 day	Control	680	14.1	43.1	63.3	20.8	32.8	6.3	93.2	115	7	1	0	8	84	12.2	16.4	227	728	71	118	144	0.36	0.02	203	19	0.5	139	4.4	108	10.8	8.3	6.1	3.9	1.8	65	34	106	1
indomethacin	8 day	Control	680	14.1	43.1	63.3	20.8	32.8	6.3	93.2	115	7	1	0	8	84	12.2	16.4	227	728	71	118	144	0.36	0.02	203	19	0.5	139	4.4	108	10.8	8.3	6.1	3.9	1.8	65	34	106	1
indomethacin	8 day	Control	651	14	42.4	65.1	21.6	33.1	6.5	100.7	74	15	1	0	7	77	11.6	15.9	238	1255	61	138	132	0.38	0	207	17	0.6	140	5.1	107	11	9.3	6.2	4.1	2	58	29	118	1
indomethacin	15 day	Control	675	13.9	41	60.7	20.5	33.8	5.4	114.8	208	9	1	0	6	84	11.6	16.8	228	858	72	131	139	0.24	0	226	20	0.6	137	5.4	106	10.2	7.3	6.4	4	1.7	58	28	77	3
indomethacin	15 day	Control	675	13.9	41	60.7	20.5	33.8	5.4	114.8	208	9	1	0	6	84	11.6	16.8	228	858	72	131	139	0.24	0	226	20	0.6	137	5.4	106	10.2	7.3	6.4	4	1.7	58	28	77	3
indomethacin	15 day	Control	669	13.9	40.9	61.1	20.7	33.9	5.2	108.2	157	9	1	0	5	86	11.4	16.9	216	815	73	151	153	0.24	0	177	18	0.6	140	4.6	107	10.2	7.9	6.1	4.2	2.2	66	35	66	2
indomethacin	15 day	Control	725	14.2	42.8	59.1	19.6	33.2	4.6	111	91.2	13	1	0	5	82	11.8	16.3	215	727	68	88	132	0.29	0	184	18	0.7	138	4.5	107	10.2	9.2	6	4	2	65	30	100	1
indomethacin	15 day	Control	725	14.2	42.8	59.1	19.6	33.2	4.6	111	91.2	13	1	0	5	82	11.8	16.3	215	727	68	88	132	0.29	0	184	18	0.7	138	4.5	107	10.2	9.2	6	4	2	65	30	100	1
indomethacin	15 day	Control	695	13.5	40.7	58.7	19.4	33.1	5.1	100.8	162	13	0	0	3	84	11.8	16.8	240	685	65	157	150	0.29	0.04	207	23	0.5	137	4.9	104	10.3	8.7	6.3	3.7	1.4	58	31	81	1
indomethacin	15 day	Control	692	14.2	43	62.1	20.5	33.1	5	118.2	124	8	0	0	6	85	12.4	16.7	245	819	84	125	164	0.24	0.02	212	20	0.6	139	4.8	104	11	9.5	6.2	3.8	1.6	56	29	89	1
indomethacin	15 day	Control	692	14.2	43	62.1	20.5	33.1	5	118.2	124	8	0	0	6	85	12.4	16.7	245	819	84	125	164	0.24	0.02	212	20	0.6	139	4.8	104	11	9.5	6.2	3.8	1.6	56	29	89	1
indomethacin	29 day	Control	828	15.4	46	55.5	18.6	33.4	2.6	119.8	215	3	1	0	3	93	11.7	15.5	255	593	70	213	154	0.11	0	191	19	0.6	139	4.6	105	10.6	7	6.7	4.3	1.8	57	28	69	1
indomethacin	29 day	Control	828	15.4	46	55.5	18.6	33.4	2.6	119.8	215	3	1	0	3	93	11.7	15.5	255	593	70	213	154	0.11	0	191	19	0.6	139	4.6	105	10.6	7	6.7	4.3	1.8	57	28	69	1
indomethacin	29 day	Control	758	14.1	42.7	56.3	18.6	33	3.2	107.7	190	6	1	0	1	92	11.8	16.6	263	681	89	142	172	0.36	0.03	203	18	0.7	140	4.1	106	10.7	7.2	6.6	4.3	1.9	69	31	69	2
indomethacin	29 day	Control	758	14.1	42.7	56.3	18.6	33	3.2	107.7	190	6	1	0	1	92	11.8	16.6	263	681	89	142	172	0.36	0.03	203	18	0.7	140	4.1	106	10.7	7.2	6.6	4.3	1.9	69	31	69	2
indomethacin	29 day	Control	798	14.9	44.5	55.8	18.7	33.5	2.7	113.8	117	9	1	0	6	84	11.9	13.9	247	515	67	172	145	0.35	0.03	225	19	0.7	140	3.8	108	10.5	7	6.3	4.2	2	50	25	66	2
indomethacin	29 day	Control	793	14.2	45.1	56.9	17.9	31.4	4.1	91.7	127	8	0	0	8	83	11.9	15.3	245	575	76	152	152	0.38	0.03	208	17	0.7	139	3.9	104	10.8	7.8	6.6	4.4	2	51	24	60	3
indomethacin	29 day	Control	793	14.2	45.1	56.9	17.9	31.4	4.1	91.7	127	8	0	0	8	83	11.9	15.3	245	575	76	152	152	0.38	0.03	208	17	0.7	139	3.9	104	10.8	7.8	6.6	4.4	2	51	24	60	3
indomethacin	29 day	Control	784	14.6	43.9	56	18.6	33.2	3.4	128.3	118	13	1	0	4	82	11.6	15.4	274	749	96	227	193	0.41	0	205	21	0.6	138	4.3	103	10.8	8.3	6.8	4.5	2	54	30	48	1
indomethacin	4 day	Low	599	13	38.9	65	21.7	33.4	6.9	99.9	92.3	8	1	0	8	83	10.7	16.8	226	1272	86	123	168	0.27	0.01	229	17	0.6	139	4.6	104	10.5	7.8	5.8	4	2.2	64	37	105	1
indomethacin	4 day	Low	599	13	38.9	65	21.7	33.4	6.9	99.9	92.3	8	1	0	8	83	10.7	16.8	226	1272	86	123	168	0.27	0.01	229	17	0.6	139	4.6	104	10.5	7.8	5.8	4	2.2	64	37	105	1
indomethacin	4 day	Low	663	14	41.8	63.1	21.1	33.5	6.2	103.8	87.6	10	0	0	9	81	11.3	17.9	208	1401	80	87	159	0.34	0.07	185	19	0.7	139	4.8	106	10.8	7.1	6	3.9	1.9	60	28	75	0
indomethacin	4 day	Low	663	14	41.8	63.1	21.1	33.5	6.2	103.8	87.6	10	0	0	9	81	11.3	17.9	208	1401	80	87	159	0.34	0.07	185	19	0.7	139	4.8	106	10.8	7.1	6	3.9	1.9	60	28	75	0
indomethacin	4 day	Low	639	14.1	42.5	66.5	22.1	33.3	7.6	116	64.9	20	0	0	11	68	10.9	17.2	243	1272	94	145	181	0.29	0	188	18	0.6	139	5.1	108	10.7	7.9	6.3	3.9	1.6	52	32	88	1
indomethacin	4 day	Low	627	13.5	40.7	64.8	21.6	33.3	7.2	101.9	115	14	1	0	6	79	10.8	16	218	956	73	115	154	0.48	0	186	15	0.6	139	5	106	10.6	8.7	5.8	3.9	2.1	73	35	99	2
indomethacin	4 day	Low	604	13.4	39.7	65.6	22.2	33.8	7.3	92.5	85.2	12	0	0	4	84	11	16.2	259	1150	97	70	164	0.35	0.08	195	15	0.5	138	4.8	105	10.6	7.9	5.5	3.6	1.9	73	44	90	2
indomethacin	4 day	Low	604	13.4	39.7	65.6	22.2	33.8	7.3	92.5	85.2	12	0	0	4	84	11	16.2	259	1150	97	70	164	0.35	0.08	195	15	0.5	138	4.8	105	10.6	7.9	5.5	3.6	1.9	73	44	90	2
indomethacin	8 day	Low	641	13.4	40.9	63.7	20.9	32.9	6.2	104.9	132	7	0	0	4	89	11.5	16.1	244	913	72	91	136	0.47	0	213	25	0.5	138	4.5	105	10.9	7.7	6.2	4.1	2	59	27	109	1
indomethacin	8 day	Low	732	14.7	44.1	60.3	20	33.2	6	143.8	155	8	1	0	7	84	11.7	15.2	230	1048	59	210	136	0.39	0.02	173	20	0.5	140	5.2	108	10.6	8	5.9	4	2.1	75	34	91	1
indomethacin	8 day	Low	665	14	42.4	63.7	21.1	33.1	6.8	127.1	86.3	16	1	0	6	78	11.1	16.1	271	1059	99	157	184	0.35	0.01	195	17	0.6	139	5.1	103	10.9	8	6.1	4	1.9	58	27	89	1
indomethacin	8 day	Low	665	14	42.4	63.7	21.1	33.1	6.8	127.1	86.3	16	1	0	6	78	11.1	16.1	271	1059	99	157	184	0.35	0.01	195	17	0.6	139	5.1	103	10.9	8	6.1	4	1.9	58	27	89	1
indomethacin	8 day	Low	655	13.9	41.7	63.7	21.2	33.2	5.9	124.2	116	6	1	0	17	75	11.6	17.1	240	613	78	158	172	0.42	0	184	20	0.6	140	4.4	106	11.3	8.8	6.1	4.3	2.4	52	30	79	2
indomethacin	8 day	Low	655	13.9	41.7	63.7	21.2	33.2	5.9	124.2	116	6	1	0	17	75	11.6	17.1	240	613	78	158	172	0.42	0	184	20	0.6	140	4.4	106	11.3	8.8	6.1	4.3	2.4	52	30	79	2
indomethacin	8 day	Low	591	13.2	40.2	68.1	22.4	32.9	11.2	109.3	132	9	0	0	2	88	12.4	17.2	216	830	79	132	155	0.41	0	201	18	0.5	140	5.2	106	11.1	8.6	5.8	3.8	1.9	63	33	78	2
indomethacin	8 day	Low	591	13.2	40.2	68.1	22.4	32.9	11.2	109.3	132	9	0	0	2	88	12.4	17.2	216	830	79	132	155	0.41	0	201	18	0.5	140	5.2	106	11.1	8.6	5.8	3.8	1.9	63	33	78	2
indomethacin	15 day	Low	746	14.8	44.2	59.2	19.8	33.4	4.6	116.9	183	11	1	0	3	85	12	16.2	218	521	67	125	137	0.23	0	205	18	0.6	138	4.9	106	10.1	7.8	6.2	4	1.8	76	42	107	3
indomethacin	15 day	Low	737	14.2	43.4	59	19.2	32.6	3.6	118.5	94.2	11	1	0	6	83	11.6	16.1	231	1095	89	188	172	0.35	0	160	21	0.6	140	4.4	107	10.6	7.7	6.5	4.3	2	64	38	90	1
indomethacin	15 day	Low	737	14.2	43.4	59	19.2	32.6	3.6	118.5	94.2	11	1	0	6	83	11.6	16.1	231	1095	89	188	172	0.35	0	160	21	0.6	140	4.4	107	10.6	7.7	6.5	4.3	2	64	38	90	1
indomethacin	15 day	Low	717	14.3	42.6	59.4	19.9	33.6	5.2	122.6	124	9	0	0	5	85	11.3	16.6	236	676	78	156	162	0.23	0	205	20	0.5	139	4.9	106	10.6	8.3	6.5	4	1.6	60	34	87	1
indomethacin	15 day	Low	717	14.3	42.6	59.4	19.9	33.6	5.2	122.6	124	9	0	0	5	85	11.3	16.6	236	676	78	156	162	0.23	0	205	20	0.5	139	4.9	106	10.6	8.3	6.5	4	1.6	60	34	87	1
indomethacin	15 day	Low	703	14.4	43.9	62.5	20.5	32.8	3.7	106.9	129	8	1	0	5	86	11	16.7	230	843	91	126	175	0.26	0.02	204	19	0.6	141	4.2	104	10.8	8.8	6.6	4.3	1.9	52	24	78	1
indomethacin	15 day	Low	730	14.2	43	58.9	19.4	33	4.6	131	174	6	1	0	5	88	12	17.1	247	493	81	210	180	0.24	0	200	20	0.6	139	4.3	105	10.6	7.9	6.5	4.2	1.8	51	30	74	1
indomethacin	15 day	Low	730	14.2	43	58.9	19.4	33	4.6	131	174	6	1	0	5	88	12	17.1	247	493	81	210	180	0.24	0	200	20	0.6	139	4.3	105	10.6	7.9	6.5	4.2	1.8	51	30	74	1
indomethacin	29 day	Low	849	15.5	46	54.2	18.3	33.7	2.6	126.6	195	7	1	0	2	91	11.8	16.6	255	636	89	244	173	0.3	0	227	33	0.7	138	4.3	105	10.5	7.7	6.5	4.1	1.7	75	35	107	2
indomethacin	29 day	Low	849	15.5	46	54.2	18.3	33.7	2.6	126.6	195	7	1	0	2	91	11.8	16.6	255	636	89	244	173	0.3	0	227	33	0.7	138	4.3	105	10.5	7.7	6.5	4.1	1.7	75	35	107	2
indomethacin	29 day	Low	753	14.7	43.8	58.1	19.5	33.6	2.3	102	200	4	0	0	3	94	11.8	16.8	240	841	65	230	148	0.34	0	198	20	0.7	139	4.4	107	10.3	7.1	6.5	4.2	1.8	55	27	55	0
indomethacin	29 day	Low	753	14.7	43.8	58.1	19.5	33.6	2.3	102	200	4	0	0	3	94	11.8	16.8	240	841	65	230	148	0.34	0	198	20	0.7	139	4.4	107	10.3	7.1	6.5	4.2	1.8	55	27	55	0
indomethacin	29 day	Low	777	15.1	45.3	58.3	19.4	33.3	2.8	142.6	145	17	1	0	15	68	11.7	16.7	253	675	72	184	150	0.35	0	196	18	0.7	142	4	107	10.7	8.1	6.6	4.2	1.8	72	36	203	1
indomethacin	29 day	Low	783	15.6	47.2	60.2	19.9	33	3	100.1	116	12	1	0	6	82	11.8	15.8	280	932	102	164	188	0.29	0	201	19	0.6	140	4.2	107	10.9	8.6	6.5	4.2	1.8	54	27	58	2
indomethacin	29 day	Low	783	15.6	47.2	60.2	19.9	33	3	100.1	116	12	1	0	6	82	11.8	15.8	280	932	102	164	188	0.29	0	201	19	0.6	140	4.2	107	10.9	8.6	6.5	4.2	1.8	54	27	58	2
indomethacin	29 day	Low	817	15	46.4	56.8	18.3	32.2	2.8	97.2	92.8	13	1	0	2	83	11.8	16.3	221	394	61	70	130	0.44	0.04	197	18	0.6	139	4.3	107	10.7	7.6	6.3	4.3	2.2	57	30	86	1
indomethacin	4 day	Middle	607	12.9	38.7	63.7	21.2	33.3	7.8	109.5	105	9	0	0	6	85	11	16.6	216	1335	75	71	148	0.36	0.03	216	17	0.6	140	4.9	106	10.6	8.3	5.9	3.9	2	70	33	111	1
indomethacin	4 day	Middle	607	12.9	38.7	63.7	21.2	33.3	7.8	109.5	105	9	0	0	6	85	11	16.6	216	1335	75	71	148	0.36	0.03	216	17	0.6	140	4.9	106	10.6	8.3	5.9	3.9	2	70	33	111	1
indomethacin	4 day	Middle	651	13.9	41.5	63.7	21.3	33.4	5.8	109.7	144	13	1	0	4	83	11.3	16.3	216	1287	83	98	162	0.41	0.08	204	17	0.5	139	5.1	109	10.4	8.2	5.7	3.8	2	63	33	83	1
indomethacin	4 day	Middle	671	14	42.3	63.1	20.8	33	8.4	102.7	117	13	1	0	8	78	10.9	15.5	219	1104	79	54	133	0.29	0.1	209	18	0.6	140	5.1	109	10.5	7.3	5.9	3.9	2	66	36	103	1
indomethacin	4 day	Middle	671	14	42.3	63.1	20.8	33	8.4	102.7	117	13	1	0	8	78	10.9	15.5	219	1104	79	54	133	0.29	0.1	209	18	0.6	140	5.1	109	10.5	7.3	5.9	3.9	2	66	36	103	1
indomethacin	4 day	Middle	640	13.2	39.1	61	20.6	33.7	6.8	137.7	148	8	0	0	8	83	10.9	15.4	218	1015	76	52	142	0.43	0.03	187	19	0.6	139	4.7	105	10.8	9.5	5.6	3.8	2.1	62	31	88	1
indomethacin	4 day	Middle	625	13.6	40.7	65.2	21.8	33.4	6.5	104.8	118	11	1	0	6	82	11.2	16.1	222	1321	78	49	134	0.35	0.05	182	14	0.5	140	4.7	107	10.4	8.3	5.6	3.9	2.3	49	31	73	1
indomethacin	4 day	Middle	625	13.6	40.7	65.2	21.8	33.4	6.5	104.8	118	11	1	0	6	82	11.2	16.1	222	1321	78	49	134	0.35	0.05	182	14	0.5	140	4.7	107	10.4	8.3	5.6	3.9	2.3	49	31	73	1
indomethacin	8 day	Middle	631	13.8	41.3	65.5	21.9	33.4	6.4	115.4	141	6	1	0	3	91	11.7	17.1	250	900	82	138	159	0.27	0	205	20	0.5	140	4.9	107	11.3	8.4	6.4	4.3	2.1	59	30	95	0
indomethacin	8 day	Middle	631	13.8	41.3	65.5	21.9	33.4	6.4	115.4	141	6	1	0	3	91	11.7	17.1	250	900	82	138	159	0.27	0	205	20	0.5	140	4.9	107	11.3	8.4	6.4	4.3	2.1	59	30	95	0
indomethacin	8 day	Middle	652	13.8	41.5	63.8	21.2	33.3	6.1	121.1	165	20	1	0	12	67	12.1	16.4	241	1245	87	132	155	0.39	0	179	21	0.6	140	5	108	11	7.6	6.3	3.8	1.5	75	31	154	2
indomethacin	8 day	Middle	652	13.8	41.5	63.8	21.2	33.3	6.1	121.1	165	20	1	0	12	67	12.1	16.4	241	1245	87	132	155	0.39	0	179	21	0.6	140	5	108	11	7.6	6.3	3.8	1.5	75	31	154	2
indomethacin	8 day	Middle	687	14.1	42.5	61.9	20.5	33.1	5.6	122.7	119	16	1	0	11	73	11.5	16.8	240	635	86	129	165	0.4	0	182	19	0.5	139	4.9	107	11.4	7.9	6.4	4.4	2.2	63	37	97	1
indomethacin	8 day	Middle	682	13.4	40.6	59.5	19.7	33.1	6.3	114.7	119	8	1	0	7	84	11.4	15.9	234	1117	93	128	173	0.44	0	200	18	0.7	142	4.4	106	11.3	8.3	6.1	4.1	2.1	57	32	85	1
indomethacin	8 day	Middle	682	13.4	40.6	59.5	19.7	33.1	6.3	114.7	119	8	1	0	7	84	11.4	15.9	234	1117	93	128	173	0.44	0	200	18	0.7	142	4.4	106	11.3	8.3	6.1	4.1	2.1	57	32	85	1
indomethacin	8 day	Middle	681	13.4	40.9	60.1	19.7	32.8	6.5	90.6	89.1	8	1	0	7	84	12	16.3	235	1309	92	144	167	0.51	0.03	195	19	0.6	139	4.7	104	11.4	9.9	6.1	4.1	2.1	53	36	98	1
indomethacin	15 day	Middle	724	14.2	43.9	60.6	19.5	32.3	4.4	104.1	145	5	0	0	6	89	11.7	16.6	214	1069	63	141	145	0.21	0	207	23	0.6	139	4.8	107	10.6	8.2	6.3	4.2	2	63	49	113	0
indomethacin	15 day	Middle	724	14.2	43.9	60.6	19.5	32.3	4.4	104.1	145	5	0	0	6	89	11.7	16.6	214	1069	63	141	145	0.21	0	207	23	0.6	139	4.8	107	10.6	8.2	6.3	4.2	2	63	49	113	0
indomethacin	15 day	Middle	664	13.8	41.7	62.8	20.7	33	5.3	112.3	112	9	1	0	5	86	11.8	16.3	239	988	76	173	163	0.26	0	196	22	0.6	140	5	105	11.1	8.4	6.4	4.4	2.2	52	29	85	0
indomethacin	15 day	Middle	664	13.8	41.7	62.8	20.7	33	5.3	112.3	112	9	1	0	5	86	11.8	16.3	239	988	76	173	163	0.26	0	196	22	0.6	140	5	105	11.1	8.4	6.4	4.4	2.2	52	29	85	0
indomethacin	15 day	Middle	676	14.2	42.4	62.7	21	33.5	6.2	128.6	121	9	1	0	3	87	12.2	15.6	255	624	80	116	152	0.34	0	188	23	0.6	139	4.9	105	10.7	7.8	6.4	4.2	1.9	47	24	98	1
indomethacin	15 day	Middle	661	13.7	41.8	63.2	20.6	32.7	4.8	124.5	151	9	1	0	6	84	11.8	15.1	227	932	64	100	136	0.27	0	201	25	0.6	140	4.8	109	10.7	8.2	5.9	3.7	1.7	49	30	67	1
indomethacin	15 day	Middle	724	15.1	45.6	62.9	20.8	33.1	4.7	103.1	144	4	1	0	9	86	11.7	17.2	248	881	78	176	161	0.28	0.03	214	20	0.5	140	4.2	105	10.8	8.8	6.6	4.1	1.6	55	28	86	3
indomethacin	29 day	Middle	757	15	45	59.5	19.8	33.4	3.4	84.7	151	7	1	0	3	89	11.8	17.2	266	535	83	114	152	0.26	0	171	22	0.7	141	4.4	107	11	7.1	7.3	4.6	1.7	61	27	106	4
indomethacin	29 day	Middle	828	15.2	46.2	55.8	18.4	32.9	3.3	93.9	74.2	17	1	0	7	75	12	16.9	229	550	82	113	145	0.26	0	187	20	0.6	141	4.2	107	10.5	7.2	6.5	4.2	1.8	57	22	50	1
indomethacin	29 day	Middle	738	14.6	43.3	58.7	19.8	33.7	2.9	110.6	159	9	1	0	4	86	12.1	17.8	250	778	87	180	166	0.45	0.02	206	23	0.7	140	4.3	105	10.6	7.8	6.7	4.2	1.7	72	29	106	1
indomethacin	29 day	Middle	796	15.7	47.1	59.2	19.7	33.3	2.3	106.9	128	16	1	0	3	79	12	15.4	263	828	64	149	141	0.33	0	175	21	0.6	140	4.5	109	10.5	7.1	6.6	4.2	1.8	82	55	66	1
indomethacin	29 day	Middle	796	15.7	47.1	59.2	19.7	33.3	2.3	106.9	128	16	1	0	3	79	12	15.4	263	828	64	149	141	0.33	0	175	21	0.6	140	4.5	109	10.5	7.1	6.6	4.2	1.8	82	55	66	1
indomethacin	29 day	Middle	752	15.2	45.1	59.9	20.2	33.6	3.7	111.9	170	8	1	0	2	89	11.8	17.1	268	703	84	340	183	0.32	0	187	21	0.7	140	4.5	107	11	8.2	7.1	4.5	1.7	53	25	124	2
indomethacin	4 day	High	589	12.6	37.2	63.3	21.5	33.9	7.3	96.6	106	18	0	0	9	73	10.6	17.4	360	713	87	175	159	0.31	0.01	189	18	0.6	140	4.7	108	10.3	6.3	4.9	3	1.6	49	28	76	2
indomethacin	4 day	High	589	12.6	37.2	63.3	21.5	33.9	7.3	96.6	106	18	0	0	9	73	10.6	17.4	360	713	87	175	159	0.31	0.01	189	18	0.6	140	4.7	108	10.3	6.3	4.9	3	1.6	49	28	76	2
indomethacin	4 day	High	579	12.4	37.1	64.1	21.4	33.4	10.2	96.6	165	28	1	0	14	57	11	16.7	345	597	61	61	118	0.29	0.09	206	12	0.6	140	4.6	108	10.3	7.8	5.5	3.2	1.4	52	30	208	0
indomethacin	4 day	High	579	12.4	37.1	64.1	21.4	33.4	10.2	96.6	165	28	1	0	14	57	11	16.7	345	597	61	61	118	0.29	0.09	206	12	0.6	140	4.6	108	10.3	7.8	5.5	3.2	1.4	52	30	208	0
indomethacin	4 day	High	588	12.5	38.3	65.2	21.3	32.7	6.7	105.6	129	18	1	0	13	69	10.9	15.7	279	787	72	228	160	0.37	0.03	184	21	0.5	140	4.8	107	10.7	8.6	5.7	3.7	1.9	58	33	94	2
indomethacin	4 day	High	574	12.2	36.2	62.9	21.2	33.7	7.7	83.5	176	18	1	0	11	70	11.4	17.1	330	810	96	150	175	0.37	0.06	206	15	0.6	140	4.4	109	10.4	9.4	5.5	3.4	1.6	63	29	232	2
indomethacin	4 day	High	619	13.8	41.2	66.5	22.3	33.6	7.5	107.8	113	11	0	0	15	73	11.4	17.3	228	789	65	63	123	0.33	0	173	15	0.6	142	4.5	106	10.7	9.2	5.7	3.8	2	48	29	192	2
indomethacin	8 day	High	585	11.9	35.5	60.7	20.4	33.5	9.7	197.3	42.1	40	1	0	15	45	11.7	20.8	470	624	54	87	114	0.36	0	140	21	0.6	134	6	105	9.8	8.2	5.2	2.3	0.8	62	8	83	6
indomethacin	8 day	High	585	11.9	35.5	60.7	20.4	33.5	9.7	197.3	42.1	40	1	0	15	45	11.7	20.8	470	624	54	87	114	0.36	0	140	21	0.6	134	6	105	9.8	8.2	5.2	2.3	0.8	62	8	83	6
indomethacin	8 day	High	639	13.3	40.4	63.3	20.9	33	7	115.4	141	19	1	0	8	72	11.3	16.2	283	1007	107	116	182	0.24	0	212	19	0.7	140	4.5	108	11.4	9.3	6	3.9	1.9	62	28	192	1
indomethacin	8 day	High	639	13.3	40.4	63.3	20.9	33	7	115.4	141	19	1	0	8	72	11.3	16.2	283	1007	107	116	182	0.24	0	212	19	0.7	140	4.5	108	11.4	9.3	6	3.9	1.9	62	28	192	1
indomethacin	8 day	High	548	11.6	34.6	63.2	21.3	33.6	13.1	123.6	266	21	0	0	4	75	12.3	18.1	378	386	83	155	157	0.25	0	182	18	0.5	140	4.5	105	10.5	9.6	5.2	2.9	1.3	52	21	172	2
indomethacin	8 day	High	548	11.6	34.6	63.2	21.3	33.6	13.1	123.6	266	21	0	0	4	75	12.3	18.1	378	386	83	155	157	0.25	0	182	18	0.5	140	4.5	105	10.5	9.6	5.2	2.9	1.3	52	21	172	2
indomethacin	15 day	High	516	10.1	29.7	57.5	19.7	34.2	9	139	146	34	0	2	15	49	10.4	24.9	436	1239	56	91	126	0.31	0.16	133	152	1	131	8.1	102	10	13.4	5.5	2.3	0.7	100	20	166	10
indomethacin	15 day	High	658	13.5	40.4	61.4	20.5	33.4	5.8	116.8	213	30	0	0	4	65	12.2	15.9	300	654	77	98	141	0.24	0	186	26	0.7	141	4.4	108	10.5	8.5	5.9	3.7	1.7	70	31	143	4
indomethacin	15 day	High	658	13.5	40.4	61.4	20.5	33.4	5.8	116.8	213	30	0	0	4	65	12.2	15.9	300	654	77	98	141	0.24	0	186	26	0.7	141	4.4	108	10.5	8.5	5.9	3.7	1.7	70	31	143	4
indomethacin	15 day	High	429	9.1	27	63.1	21.1	33.5	18.8	169.3	221	54	2	0	12	32	11.5	17.5	377	370	78	188	150	0.22	0	174	16	0.5	141	4.8	110	10.1	8.2	5.6	3.2	1.3	55	19	68	4
indomethacin	15 day	High	368	7.6	22.8	61.9	20.7	33.4	18.4	179.3	114	5	0	0	6	89	11.1	19.3	480	678	55	66	113	0.35	0.03	118	68	0.7	137	5.8	105	9.8	13.5	5.3	2.2	0.7	91	7	147	8
indomethacin	15 day	High	368	7.6	22.8	61.9	20.7	33.4	18.4	179.3	114	5	0	0	6	89	11.1	19.3	480	678	55	66	113	0.35	0.03	118	68	0.7	137	5.8	105	9.8	13.5	5.3	2.2	0.7	91	7	147	8
meloxicam	3 hr	Control	655	14.1	40.9	62.5	21.6	34.6	7.3	125.3	62.6	17	1	0	2	79	12.2	19.6	203	1279	59	54	113	0.14	0.06	204	11	0.4	141	3.3	103	10.3	7.9	5.2	3.4	1.9	66	31	118	1
meloxicam	3 hr	Control	611	13	38.4	62.8	21.3	33.9	7.3	117	111.4	19	1	1	2	77	12.1	17.8	227	907	86	81	149	0.14	0.06	193	10	0.4	143	4.1	105	10.9	8	5.4	3.4	1.7	74	37	279	1
meloxicam	3 hr	Control	592	12.8	38.2	64.5	21.7	33.7	7.5	135.3	60.4	21	1	0	3	74	11.6	16.9	227	1008	81	86	147	0.14	0.08	208	12	0.3	140	4.3	100	11.1	10.6	5.3	3.4	1.8	65	31	133	1
meloxicam	3 hr	Control	681	13.9	41.1	60.3	20.5	33.9	6.1	145.5	71	13	1	1	1	84	11.3	16.9	233	1170	88	48	151	0.12	0.05	201	12	0.3	144	3.3	104	10.7	10.8	5.8	3.5	1.5	64	40	115	1
meloxicam	3 hr	Control	627	13.2	38.3	61.2	21	34.3	7	141	88.7	18	1	0	2	79	11.6	18.1	224	804	84	39	138	0.12	0.05	194	10	0.4	139	3.6	101	10.5	9.4	5.4	3.3	1.6	71	49	102	1
meloxicam	6 hr	Control	620	14.1	41.4	66.8	22.8	34.2	7.1	131.3	113	7	0	1	3	88	12	19.7	219	750	65	53	127	0.14	0.07	212	11	0.3	140	3.5	102	10.9	8.2	5.4	3.6	2	67	35	188	1
meloxicam	6 hr	Control	639	13.6	40.5	63.4	21.3	33.6	7.9	103.7	99.2	14	1	1	4	80	12.9	17.8	222	874	79	75	136	0.14	0.08	193	10	0.3	142	4	103	11.2	9.1	5.2	3.4	1.9	65	35	247	0
meloxicam	6 hr	Control	624	13.5	39.4	63.1	21.6	34.2	7.5	137.2	88.3	26	1	0	3	69	12.5	18.6	230	713	75	44	138	0.13	0.06	190	10	0.4	141	4.1	104	10.6	10	5.4	3.3	1.6	64	32	126	1
meloxicam	6 hr	Control	608	13.2	40	65.7	21.7	33	7.2	104.6	104.4	15	0	1	2	81	12.5	18.8	222	558	81	57	143	0.13	0.06	203	8	0.3	142	3.8	104	10.9	9.8	5.3	3.2	1.5	58	28	92	1
meloxicam	6 hr	Control	636	13.7	40.2	63.2	21.6	34.2	6.6	128.3	148.6	37	1	0	4	58	13.1	18.7	286	802	74	47	132	0.14	0.06	187	10	0.4	142	3.9	104	10.9	10.2	5.6	3.2	1.3	54	27	112	1
meloxicam	9 hr	Control	632	13.5	40.2	63.6	21.3	33.5	7.2	114.7	83	15	1	0	3	80	12.6	18.2	206	1073	62	61	109	0.14	0.08	213	11	0.4	140	3.9	101	10.3	9.8	5.2	3.3	1.7	65	34	91	1
meloxicam	9 hr	Control	597	13.6	40	67.1	22.7	33.9	8.4	129.1	120	25	1	0	5	67	11.8	18.1	240	737	97	87	158	0.11	0.06	183	11	0.4	142	4.2	103	10.9	9.8	5.4	3.3	1.6	66	31	249	1
meloxicam	9 hr	Control	625	13.3	39.5	63.2	21.3	33.6	6.4	132.5	67.3	15	1	1	4	79	12.3	17.8	237	1137	69	86	139	0.14	0.08	184	11	0.4	141	4.2	104	11	9.1	5.5	3.5	1.8	64	31	151	1
meloxicam	9 hr	Control	598	13.8	39.6	66.3	23.1	34.8	6.5	119.8	84.9	32	1	0	2	65	13.1	19.6	233	863	54	85	114	0.11	0.06	198	12	0.4	143	3.7	104	10.7	9.3	5.6	3.3	1.4	60	26	149	1
meloxicam	9 hr	Control	602	13.3	38.5	64	22.1	34.5	7.3	108	86.3	25	1	0	1	71	13	14.4	250	744	71	75	152	0.12	0.06	197	11	0.4	142	3.8	104	10.7	9.6	5.7	3.6	1.7	58	26	126	2
meloxicam	24 hr	Control	616	13.6	40.2	65.3	22	33.8	8.4	133.9	146.9	17	1	0	2	79	12	20.6	243	973	81	146	161	0.15	0.09	207	14	0.4	142	4	103	10.6	7.8	5.5	3.5	1.8	64	40	149	1
meloxicam	24 hr	Control	697	13.7	40.4	58	19.6	33.8	5.3	121.4	90.8	12	1	1	3	83	11.7	18.9	224	899	76	185	148	0.21	0.14	204	16	0.4	143	4	106	11	6.2	5.6	3.6	1.8	58	26	179	1
meloxicam	24 hr	Control	699	14.3	42.1	60.2	20.5	34	4.9	112.4	73.4	12	1	1	3	82	11.5	18.2	227	881	79	106	148	0.14	0.09	199	14	0.4	142	3.6	106	11	7.5	5.5	3.3	1.5	65	32	158	1
meloxicam	24 hr	Control	597	13.3	38.9	65.1	22.3	34.2	6.9	135.1	103.2	20	2	1	3	74	11.6	19.5	203	838	73	121	151	0.14	0.09	212	16	0.4	142	3.6	103	10.7	7.8	5.3	3.3	1.6	66	32	177	1
meloxicam	24 hr	Control	625	13.3	39.6	63.4	21.2	33.5	6.3	125.6	95.8	21	1	0	2	75	11.8	18.2	227	1315	62	69	124	0.14	0.08	199	15	0.5	143	4.2	105	11.1	8.1	5.6	3.4	1.5	60	33	142	1
meloxicam	3 hr	Low	669	13.6	40.4	60.3	20.3	33.6	7.3	120.4	89.8	17	1	0	2	79	12.1	18	201	893	69	58	128	0.14	0.06	192	11	0.4	141	4.4	104	10.9	7.9	5.4	3.4	1.7	61	27	108	1
meloxicam	3 hr	Low	610	13.6	40	65.5	22.3	34	7.7	120.7	101.6	23	1	0	2	74	12.1	19.6	224	1000	71	46	129	0.12	0.06	193	10	0.3	140	4.1	101	11	9.4	5.5	3.3	1.5	60	29	104	0
meloxicam	3 hr	Low	640	13.6	40.6	63.4	21.2	33.5	6.4	126.7	111.2	27	1	1	2	69	12	17.3	219	757	67	100	132	0.14	0.06	211	13	0.4	142	3.9	103	11	8.2	5.6	3.3	1.4	71	36	204	1
meloxicam	3 hr	Low	661	13	38.9	58.9	19.6	33.3	6.9	122.6	86.7	12	1	1	2	83	12.7	17.2	338	854	71	42	121	0.14	0.07	186	9	0.3	141	3.7	102	10.8	10.6	5.3	3	1.3	68	31	146	1
meloxicam	3 hr	Low	614	12.7	38	61.9	20.7	33.4	7.6	122.5	133.5	12	1	1	2	85	12	17.7	213	834	90	67	156	0.12	0.05	207	13	0.3	141	4	101	11.1	9	5.7	3.3	1.4	69	36	128	1
meloxicam	6 hr	Low	643	13.7	39.7	61.7	21.3	34.5	6.6	140	132.6	10	1	1	2	86	12.3	17.4	208	1106	57	73	120	0.14	0.06	202	15	0.3	140	4.5	101	10.6	8.9	5.3	3.2	1.5	66	32	161	1
meloxicam	6 hr	Low	605	12.7	37.8	62.5	20.9	33.5	6.3	113.3	80.5	25	1	0	3	71	12.3	18.4	201	878	68	53	118	0.14	0.06	170	12	0.4	141	3.9	102	10.6	7.6	5.1	3.2	1.7	80	53	128	1
meloxicam	6 hr	Low	661	13.8	41.7	63	20.9	33.2	6.6	118.3	75.7	17	0	1	3	79	12.5	19.2	224	1011	77	138	147	0.15	0.07	194	10	0.4	141	3.9	103	10.5	9.9	5.2	3.1	1.5	60	30	237	1
meloxicam	6 hr	Low	676	13.7	40.7	60.2	20.3	33.8	5.9	123.1	105.5	16	0	1	2	80	11.9	17.6	233	794	73	33	133	0.13	0.06	187	8	0.3	142	3.5	104	10.4	9.4	5.7	3.4	1.5	70	37	141	1
meloxicam	6 hr	Low	657	13.4	40.5	61.6	20.3	33	6.6	122.5	85.4	25	1	0	3	71	12.4	16.5	192	996	59	25	107	0.14	0.06	194	8	0.3	141	3.6	105	10.1	9.4	4.8	3.1	1.8	77	34	152	1
meloxicam	9 hr	Low	596	12.4	36.2	60.8	20.8	34.2	7.4	118.1	171.7	20	0	0	3	75	12.6	19.2	206	777	70	38	123	0.13	0.06	181	12	0.4	140	3.7	103	9.8	9.2	5	3.1	1.6	70	39	115	1
meloxicam	9 hr	Low	662	13.4	39.1	59.1	20.3	34.4	5.6	99.4	78.7	17	1	0	2	80	12.1	17.1	211	707	67	68	128	0.14	0.06	199	11	0.4	142	4	104	10.7	9.5	5.2	3.2	1.6	61	35	114	1
meloxicam	9 hr	Low	631	13.7	40.8	64.6	21.7	33.6	7.5	109.5	100.8	20	1	0	4	74	12.6	18.1	213	673	75	36	137	0.13	0.07	178	12	0.4	142	3.9	106	10.5	9	5.4	3.4	1.7	64	32	326	1
meloxicam	9 hr	Low	645	13.8	40.5	62.8	21.3	34	6.8	126.1	62.6	22	1	0	3	73	12.1	18.6	247	777	68	51	130	0.13	0.06	179	8	0.4	143	4.1	106	10.7	9.6	5.6	3.6	1.8	62	31	158	1
meloxicam	9 hr	Low	655	13.8	41.2	63	21.1	33.6	6.1	140.1	93.3	10	1	0	2	87	12.1	16.1	206	864	67	15	123	0.11	0.05	194	13	0.4	142	3.7	104	10.5	10.4	5.4	3.5	1.8	73	38	170	1
meloxicam	24 hr	Low	589	12.9	38.1	64.7	21.9	33.9	7.2	118.1	113.8	17	1	0	3	78	12	18.3	206	1437	67	102	127	0.18	0.12	197	17	0.4	140	4.9	105	10.4	6.8	5.2	3.5	2.1	77	40	134	1
meloxicam	24 hr	Low	604	12.5	36.9	61.1	20.6	33.7	6.4	131.8	125.7	19	1	0	2	77	11.8	18.7	211	717	77	61	135	0.14	0.08	187	15	0.4	143	4	107	10.7	6.8	5.3	3.2	1.5	69	33	211	1
meloxicam	24 hr	Low	599	13.5	40.7	67.9	22.5	33.2	8.4	118.6	193.2	34	0	0	5	60	11.8	18.6	237	896	91	103	166	0.13	0.07	195	14	0.4	141	4.5	105	11	8.7	5.4	3	1.3	63	37	196	1
meloxicam	24 hr	Low	616	13.4	39.2	63.7	21.8	34.2	6.6	113.1	100.6	18	1	0	3	78	11.6	18.1	203	865	63	70	126	0.12	0.07	217	13	0.4	141	4.1	104	10.8	9.2	5.6	3.3	1.4	73	40	174	1
meloxicam	24 hr	Low	599	13.2	38	63.4	22	34.6	6.5	132.2	134.3	16	1	1	3	79	11.9	18.4	213	882	62	86	126	0.13	0.07	222	13	0.5	140	3.7	102	10.9	8.2	5.5	3.2	1.4	68	34	174	1
meloxicam	3 hr	Middle	643	13.2	39.5	61.4	20.5	33.4	6.9	126.9	97.4	10	0	1	3	86	12.4	18.2	216	748	63	88	124	0.16	0.1	185	12	0.4	142	4.2	104	11	7.7	5.4	3.4	1.7	68	36	150	1
meloxicam	3 hr	Middle	674	13.4	40.2	59.6	19.9	33.4	6.1	107.1	71.7	14	1	1	2	83	12	19.4	208	911	69	72	128	0.13	0.06	191	14	0.4	140	3.7	100	10.9	8.3	5.5	3.4	1.6	63	33	111	1
meloxicam	3 hr	Middle	580	12.9	38	65.6	22.3	34	7.3	126.6	124.7	23	1	1	3	72	12.1	18.5	216	640	72	80	143	0.15	0.08	200	17	0.3	141	4.3	102	10.9	8.4	5.2	3.1	1.5	61	34	257	1
meloxicam	3 hr	Middle	616	13.2	39.7	64.5	21.4	33.2	7.2	113.6	95.4	22	1	1	2	74	12	17.7	196	832	61	49	116	0.12	0.06	200	15	0.3	140	4.3	103	10.8	8.9	5.2	3	1.4	71	34	174	0
meloxicam	3 hr	Middle	669	14	41.6	62.2	20.9	33.5	7.3	117	117.6	13	1	1	2	83	11.5	18.1	224	924	65	41	128	0.13	0.05	205	11	0.4	140	3.9	104	10.7	8.8	5.2	3.1	1.5	65	37	197	1
meloxicam	6 hr	Middle	667	13.6	40.4	60.6	20.4	33.7	6.9	109.7	106.9	14	0	1	3	82	12.5	17.9	208	726	72	86	134	0.15	0.07	202	11	0.4	140	3.6	101	11	8.8	5.5	3.3	1.5	64	33	136	1
meloxicam	6 hr	Middle	619	13.8	40.5	65.3	22.3	34.1	7.2	113.4	123	21	1	1	4	73	12.7	19.6	227	692	71	44	130	0.15	0.06	191	9	0.3	141	3.8	104	10.6	8.8	5.3	3.3	1.6	71	41	101	1
meloxicam	6 hr	Middle	607	13.8	39.8	65.5	22.6	34.5	7.3	130.5	66.4	16	1	0	4	78	12.1	18.2	219	830	86	60	165	0.12	0.06	202	9	0.4	141	3.8	103	10.9	10.6	5.5	3.4	1.6	70	37	264	1
meloxicam	6 hr	Middle	622	13.6	40.6	65.3	21.8	33.4	7.8	136.6	114.3	35	1	0	2	62	12.4	19.3	227	672	62	73	118	0.14	0.06	195	9	0.4	142	3.7	106	10.6	9.2	5.7	3.4	1.5	66	29	145	1
meloxicam	6 hr	Middle	649	14.3	42	64.8	22	33.9	6.6	132.8	118.5	21	1	1	4	73	12	17.2	227	956	61	45	111	0.14	0.06	194	11	0.4	142	3.9	103	11.1	9.3	5.6	3.4	1.5	72	41	170	1
meloxicam	9 hr	Middle	634	13.6	39.3	61.9	21.4	34.6	6.2	145.6	158	11	1	1	4	82	12	16.9	247	1043	59	101	121	0.15	0.07	196	13	0.4	143	4.2	103	10.6	9.4	5.6	3.5	1.7	57	29	118	1
meloxicam	9 hr	Middle	594	13.2	38.1	64.2	22.3	34.7	6.6	105.1	95.1	20	1	1	3	74	12.7	18.3	211	757	59	28	109	0.11	0.05	189	12	0.4	141	4.1	103	10.4	9.3	5.2	3	1.4	69	34	136	1
meloxicam	9 hr	Middle	593	13.4	38.6	65.1	22.5	34.6	6.9	104.7	123.1	37	0	0	3	59	12.4	17.5	254	584	63	39	125	0.12	0.06	193	22	0.4	141	4.3	104	10.5	9.5	4.9	2.8	1.3	59	33	119	1
meloxicam	9 hr	Middle	600	13.2	39.7	66.2	22	33.2	7.8	129.2	95	13	1	0	4	82	12.4	18.1	230	982	57	30	119	0.12	0.06	177	8	0.3	142	3.7	106	10	9.3	5.2	3.4	1.9	66	34	309	1
meloxicam	9 hr	Middle	642	13.3	39.6	61.8	20.8	33.7	7.4	112.3	83.5	30	1	0	5	63	12.8	14.8	233	943	82	24	147	0.12	0.06	197	10	0.4	142	4	103	10.8	10.4	5.4	3.3	1.6	63	40	169	1
meloxicam	24 hr	Middle	610	13.1	38.8	63.6	21.5	33.8	6.4	117.4	116.2	16	1	1	3	79	11.5	18.1	219	1459	69	135	146	0.19	0.13	192	14	0.4	142	3.7	104	11	7.2	5.4	3.5	1.8	71	43	146	1
meloxicam	24 hr	Middle	613	13.4	39.7	64.8	21.9	33.7	6.9	127.4	141.5	31	0	0	3	64	11.6	19.8	237	1041	60	117	124	0.15	0.09	208	12	0.4	144	3.4	109	10.5	7.6	5.3	3.2	1.5	72	34	150	1
meloxicam	24 hr	Middle	610	13.1	39.5	64.7	21.5	33.3	7	118.8	148.7	20	1	1	4	74	11.5	18.3	240	1399	80	110	157	0.17	0.1	218	14	0.4	143	4.1	108	10.9	7.5	5.3	3.4	1.8	74	36	296	1
meloxicam	24 hr	Middle	618	13.5	39.8	64.5	21.9	34	6.7	115.4	123.4	29	1	0	4	65	11.7	18.4	271	655	81	108	160	0.16	0.1	232	15	0.4	143	4.1	106	10.9	8.7	5.5	3.3	1.5	64	36	217	1
meloxicam	24 hr	Middle	594	13.1	38.9	65.4	22.1	33.7	6.8	104.9	132.5	36	1	1	5	58	11.5	18.5	250	875	71	70	141	0.15	0.07	227	13	0.5	142	4.3	104	10.9	8	5.4	3.2	1.5	67	43	226	1
meloxicam	3 hr	High	643	14.2	42	65.4	22.1	33.8	7.5	128.2	100.1	18	1	1	3	78	12.3	21.1	216	1062	60	84	131	0.14	0.08	200	14	0.4	142	3.8	104	10.5	8.2	5.6	3.4	1.5	76	45	221	0
meloxicam	3 hr	High	584	13	38	65.1	22.3	34.3	7.7	112	78.6	15	2	1	3	80	11.6	19.8	216	728	97	126	187	0.17	0.1	208	13	0.4	141	4	101	11.3	8.7	5.4	3.5	1.8	59	28	121	0
meloxicam	3 hr	High	634	13.3	39	61.5	21	34.2	6.8	131.5	105.7	19	1	1	4	76	11.5	17.9	224	923	62	89	139	0.14	0.08	221	12	0.4	139	4.2	98	10.9	9.6	5.4	3.4	1.7	58	31	115	1
meloxicam	3 hr	High	597	13.1	38.6	64.6	21.9	33.9	6.7	124.1	82.6	15	2	1	4	77	11.6	16.7	206	863	67	34	129	0.14	0.06	212	15	0.3	140	4.2	103	10.2	8.4	5.1	3.2	1.7	82	44	264	1
meloxicam	3 hr	High	664	14.2	41.7	62.9	21.4	34	6.7	116	128	26	1	1	4	67	12	16.7	250	839	85	39	144	0.15	0.07	198	11	0.3	141	3.9	102	10.1	9.8	5.5	3.5	1.8	66	38	216	2
meloxicam	6 hr	High	642	13.9	40.4	63	21.6	34.3	7	109.5	96.8	20	1	0	3	76	12.2	19.1	213	794	80	47	138	0.15	0.07	191	11	0.3	141	4	102	10.6	9.6	5.5	3.4	1.6	80	46	188	1
meloxicam	6 hr	High	643	13.4	39.7	61.7	20.9	33.8	5.6	99.3	83.8	14	1	1	3	82	12.1	19	222	751	70	76	130	0.15	0.07	203	11	0.3	141	3.9	103	10.5	8.3	5.4	3.4	1.7	64	41	108	1
meloxicam	6 hr	High	627	12.8	38.7	61.6	20.4	33.1	6.3	116.9	101.1	25	1	0	4	70	12	18	194	625	62	41	114	0.13	0.06	195	14	0.4	139	4.6	101	10.3	8.8	5	3.1	1.6	67	39	111	1
meloxicam	6 hr	High	623	13.3	39	62.5	21.4	34.2	8.3	138.7	86.5	30	1	1	4	65	12.3	19.8	199	716	54	21	104	0.16	0.08	194	10	0.3	140	3.9	102	10.6	10.4	5.1	3.1	1.5	70	32	220	1
meloxicam	6 hr	High	622	13.1	37.8	60.8	21.1	34.6	6.3	120	72.5	23	1	0	2	74	11.7	18.4	230	731	72	30	131	0.14	0.06	212	7	0.3	141	3.9	102	10.4	10.2	5.6	3.5	1.7	59	29	175	1
meloxicam	9 hr	High	585	13	38	65	22.2	34.1	8.2	115	151.3	32	1	0	5	62	12.2	19.5	219	593	64	31	123	0.13	0.06	203	18	0.4	139	4.7	101	10.3	9.7	5.1	3	1.4	56	23	170	1
meloxicam	9 hr	High	581	13	38.1	65.6	22.4	34.2	7.1	154.9	84.9	18	2	0	4	76	12.2	17.4	203	1068	64	28	112	0.14	0.06	217	11	0.4	142	4.1	104	10.5	9.5	5.3	3.1	1.4	57	26	155	1
meloxicam	9 hr	High	639	13.5	39.2	61.4	21.2	34.5	6.9	113.1	70.8	22	1	1	3	73	12.5	17.8	222	698	53	23	107	0.13	0.05	200	11	0.4	142	4.1	105	10	9.1	5.5	3.4	1.6	64	29	150	1
meloxicam	9 hr	High	616	13.6	38.6	62.6	22.1	35.3	6.1	141.9	114	47	0	1	5	46	12.6	17.7	222	634	65	11	108	0.12	0.06	186	13	0.4	142	4.2	103	10.1	10	5.2	3.3	1.7	62	29	100	1
meloxicam	9 hr	High	604	13.2	38.2	63.3	21.8	34.5	7	131.2	93.2	25	1	0	3	71	11.8	16.8	247	802	64	23	127	0.15	0.07	201	11	0.4	142	4.2	103	10.5	9.9	5.6	3.4	1.5	66	30	255	1
meloxicam	24 hr	High	377	7.8	23.7	63	20.6	32.7	8	66.8	116.5	28	1	0	2	69	12.1	21.3	331	279	58	56	90	0.12	0.05	175	17	0.4	142	4.2	108	9	9.7	3.7	2	1.2	47	15	138	1
meloxicam	24 hr	High	309	6.4	19.4	62.7	20.6	32.8	10.1	51.4	89.5	28	1	0	2	69	12.3	18.6	307	283	61	74	111	0.1	0.05	173	18	0.4	140	4.3	107	8.8	11	3.5	1.8	1.1	44	18	101	1
meloxicam	24 hr	High	383	8.1	24.4	63.5	21.1	33.2	8.1	70.8	67	19	0	0	2	74	10.8	20.4	338	261	52	126	99	0.13	0.06	190	26	0.4	139	4.7	106	8.6	10.4	3.4	1.8	1.1	41	23	92	1
meloxicam	24 hr	High	640	13.1	39.3	61.3	20.4	33.3	7.6	98.7	133.7	30	1	1	4	64	11.8	18.9	281	1262	61	53	123	0.11	0.05	198	12	0.4	144	3.7	107	10.5	8.6	4.9	2.9	1.5	72	47	242	1
meloxicam	24 hr	High	560	12.1	35.6	63.6	21.6	34	8.1	103.9	113.4	34	1	0	4	61	12.1	17.8	247	439	61	37	108	0.14	0.07	186	15	0.4	141	4.7	105	10.3	9.2	4.1	2.4	1.4	55	28	224	1
meloxicam	4 day	Control	619	13.5	39.4	63.7	21.8	34.2	6	100	115.5	14	1	1	4	81	11.5	20.9	219	915	81	89	153	0.15	0.09	230	18	0.5	141	4.3	102	10.6	7.7	5.5	3.5	1.8	68	41	201	1
meloxicam	4 day	Control	670	13.9	40	59.7	20.7	34.6	4.5	115.5	96.7	23	1	1	4	72	12.4	19.9	213	1014	55	123	134	0.15	0.11	181	19	0.4	143	4.2	107	10.8	7.3	5.6	3.6	1.8	72	38	297	1
meloxicam	4 day	Control	637	13.7	40.2	63.1	21.6	34.2	5.5	133.5	120.3	13	1	0	2	83	12	19.1	233	993	68	148	143	0.17	0.13	188	17	0.4	139	4	103	10.8	8.2	5.5	3.2	1.4	71	44	193	1
meloxicam	4 day	Control	649	13.9	40.4	62.2	21.5	34.5	5.7	117.7	83.7	23	2	1	2	72	11.9	17.7	213	968	65	133	154	0.14	0.09	193	17	0.4	141	4.2	104	11	7.7	5.8	3.5	1.5	64	36	124	1
meloxicam	4 day	Control	652	13.9	41.3	63.4	21.4	33.7	5.7	133.2	155.6	12	1	1	2	84	11.7	17.3	240	845	85	65	151	0.15	0.1	202	19	0.4	141	3.8	102	11.1	7.4	5.7	3.6	1.7	77	52	181	1
meloxicam	8 day	Control	663	14.3	41.2	62.1	21.5	34.6	5.4	139.4	105.9	13	1	1	2	82	11.5	19.7	243	727	84	136	169	0.16	0.1	225	15	0.5	140	4.3	102	11.3	8	6	3.4	1.3	61	34	158	1
meloxicam	8 day	Control	672	13.6	39	58	20.3	35	4.4	146	165.6	23	1	1	3	72	11.8	19.8	216	904	58	78	121	0.14	0.08	215	14	0.4	142	3.8	106	10.5	6.8	5.7	3.2	1.3	71	33	354	2
meloxicam	8 day	Control	622	13.4	38.6	62	21.6	34.9	5.4	135.9	91.2	16	1	1	2	79	12	20	208	995	70	81	142	0.15	0.08	231	16	0.4	142	3.6	102	10.9	7	5.7	3.5	1.6	72	32	133	1
meloxicam	8 day	Control	654	13.9	40.2	61.4	21.3	34.7	5.7	158.9	79	18	1	0	3	77	12.1	20.4	208	831	59	88	129	0.14	0.07	190	17	0.4	142	4.1	104	10.5	6.8	5.6	3.3	1.4	64	30	138	1
meloxicam	8 day	Control	667	14.9	42.4	63.6	22.3	35.1	4.7	117.2	76.5	13	1	1	2	82	12.3	18.3	208	1004	65	168	157	0.15	0.08	213	17	0.4	144	3.4	105	11	7.8	5.7	3.3	1.4	73	40	170	1
meloxicam	15 day	Control	741	14.7	42.6	57.5	19.8	34.5	2.2	112.2	137.7	17	0	1	3	79	12	21.7	206	871	69	90	139	0.16	0.09	211	17	0.5	140	4	103	10.3	6.6	5.8	3.5	1.5	65	36	140	1
meloxicam	15 day	Control	710	14.1	41.4	58.4	19.9	34.1	4.3	130.5	178.1	7	1	1	2	89	11.3	19.7	240	969	80	79	153	0.15	0.08	187	16	0.4	142	4.3	103	10.8	6.8	6	3.5	1.4	78	36	184	1
meloxicam	15 day	Control	745	14.9	44.3	59.5	20	33.6	3.1	106.3	161.4	15	1	1	2	81	11.5	19.6	219	971	55	148	140	0.17	0.11	216	18	0.4	143	3.8	103	10.5	7.4	6.2	3.6	1.4	66	40	163	1
meloxicam	15 day	Control	733	15.4	45.7	62.3	21	33.7	3.4	101.3	128.6	23	1	1	5	69	11.8	21.4	250	782	83	128	156	0.17	0.1	203	17	0.5	144	4.2	105	10.7	6.7	6.5	3.8	1.4	74	43	236	1
meloxicam	15 day	Control	742	14.7	42.8	57.7	19.8	34.3	3	105.4	77.4	22	1	1	2	74	11.5	18.8	219	810	58	121	126	0.15	0.09	201	14	0.4	141	3.5	105	10.3	6.8	6	3.7	1.6	65	28	170	1
meloxicam	29 day	Control	721	14.6	42.7	59.3	20.2	34.1	2.7	109.5	139	7	1	1	1	90	11.3	24	219	503	74	101	142	0.17	0.1	270	16	0.5	140	3.7	101	10.5	7.5	6.2	3.7	1.5	75	32	247	0
meloxicam	29 day	Control	799	15.1	43.8	54.8	18.9	34.5	1.8	95.8	130	6	1	1	1	91	11.7	22.1	192	533	81	138	155	0.16	0.1	224	19	0.4	142	3.9	105	10.2	6.2	5.8	3.4	1.4	62	32	156	1
meloxicam	29 day	Control	737	14.4	41.8	56.7	19.6	34.5	3.1	93	177.5	9	1	1	2	86	11.9	20.7	240	579	58	168	128	0.19	0.12	227	19	0.5	140	4.7	104	10.4	7	5.9	3.5	1.5	64	33	149	0
meloxicam	29 day	Control	816	15.2	43.8	53.7	18.6	34.6	2.1	121.9	131.6	14	1	1	2	81	11.5	23.6	178	480	63	158	145	0.17	0.11	237	19	0.5	141	4.2	105	10.4	7	5.7	3.6	1.7	62	31	199	1
meloxicam	4 day	Low	663	13.8	39.7	60	20.9	34.8	4.9	119.6	82.5	10	1	0	2	86	11.8	18.1	192	919	74	157	151	0.16	0.1	201	16	0.4	140	4.4	101	10.5	7.1	5.4	3.3	1.6	64	29	269	1
meloxicam	4 day	Low	640	14.2	40.6	63.4	22.2	35.1	5	119.4	140.2	13	1	1	2	83	11.9	19	247	852	66	223	158	0.2	0.14	203	16	0.4	141	4.2	104	10.7	6.6	5.6	3.5	1.7	64	42	211	1
meloxicam	4 day	Low	614	13.6	39.5	64.4	22.2	34.5	6	124	93.6	13	1	1	2	83	11.7	20.8	213	850	58	99	134	0.16	0.1	192	15	0.4	141	4.1	105	10.8	7	5.5	3.5	1.8	64	33	225	0
meloxicam	4 day	Low	619	13.2	38.2	61.7	21.4	34.7	6.3	116.7	101.7	16	1	1	2	80	11.7	17.8	237	946	73	126	150	0.14	0.09	201	14	0.4	141	3.8	103	11.2	7.9	5.7	3.4	1.5	60	32	142	1
meloxicam	4 day	Low	660	14.1	41.5	62.8	21.4	34	6.4	125.7	94.4	13	0	1	3	83	11.7	18.2	237	1184	78	99	158	0.15	0.1	224	15	0.4	142	4.1	104	11.1	9.2	5.8	3.7	1.8	60	42	131	1
meloxicam	8 day	Low	650	14.2	41.7	64.1	21.8	34.1	5.8	124	185.1	8	1	1	2	88	11.5	20.2	219	951	62	104	134	0.14	0.08	240	15	0.4	140	4.4	102	10.8	7.2	5.5	3.4	1.6	60	31	208	1
meloxicam	8 day	Low	641	13.7	39.7	62	21.4	34.5	5.8	121.1	139.7	10	1	1	2	87	12.2	18.5	219	834	76	128	147	0.16	0.1	208	16	0.4	141	3.9	104	10.8	7.2	5.6	3.3	1.4	69	40	105	1
meloxicam	8 day	Low	676	14.4	41.5	61.4	21.3	34.8	4.7	125.8	116.1	21	1	1	3	74	11.8	18.5	240	968	82	119	160	0.17	0.1	193	15	0.4	142	4.2	104	10.7	6.8	5.7	3.6	1.7	84	43	254	1
meloxicam	8 day	Low	620	13.7	39.6	63.8	22	34.5	5.8	122.4	106.6	20	1	1	3	76	11.9	18.5	227	1095	64	163	144	0.17	0.12	187	17	0.4	143	4	104	11.2	7.9	5.7	3.4	1.5	66	36	160	1
meloxicam	8 day	Low	602	13.9	39.2	65.1	23.1	35.4	5.6	131.3	100.7	14	1	1	2	83	12.1	17.3	227	1011	79	130	160	0.16	0.09	193	13	0.4	143	3.9	104	11.6	8.1	5.8	3.5	1.5	63	35	207	2
meloxicam	15 day	Low	746	14.6	43.2	58	19.6	33.8	3.5	112.3	104.1	17	1	1	4	77	11.8	20.8	237	763	65	194	154	0.19	0.14	230	19	0.5	140	4.3	102	10.4	7.6	6	3.5	1.4	74	29	114	1
meloxicam	15 day	Low	683	13.6	40.9	59.8	20	33.4	3.5	134.3	125.2	15	1	1	2	80	11.6	20.6	230	795	62	84	124	0.13	0.05	218	16	0.4	142	3.9	103	10.7	6.8	5.9	3.5	1.5	77	39	287	1
meloxicam	15 day	Low	699	13.9	42	60.1	19.9	33.2	3.7	115.1	113.9	12	1	1	2	84	11.4	18.5	213	659	82	204	175	0.2	0.15	207	17	0.5	142	4.1	102	10.7	7.3	5.8	3.6	1.6	69	32	169	1
meloxicam	15 day	Low	645	13.9	40.9	63.5	21.5	33.9	5	113.5	141.6	15	1	1	2	82	11.5	15.7	216	918	77	98	150	0.16	0.1	220	15	0.4	141	4.1	102	10.7	7.1	5.9	3.6	1.6	77	39	279	1
meloxicam	15 day	Low	673	14.1	41.9	62.2	21	33.8	4.7	119.4	137.4	17	1	1	3	77	11.5	18.7	216	969	77	129	153	0.16	0.11	198	18	0.5	142	3.6	102	10.3	8	5.9	3.5	1.5	79	38	269	1
meloxicam	29 day	Low	810	14.9	43.6	53.8	18.4	34.2	2.4	118.3	133	12	1	1	2	83	11.3	20.5	216	627	90	108	147	0.16	0.11	268	19	0.5	141	3.7	101	11	7	6.2	3.6	1.4	71	34	180	2
meloxicam	29 day	Low	777	14.9	44.4	57.1	19.2	33.6	2.5	121.6	214.9	15	1	1	3	79	11.6	21.3	222	535	64	109	131	0.17	0.11	231	19	0.6	142	4.4	105	10.4	7.6	6	3.4	1.3	61	36	240	1
meloxicam	29 day	Low	739	13.8	40.6	54.9	18.7	34	3	117.6	97.6	18	1	1	1	79	11.5	21.9	219	590	78	156	142	0.19	0.15	237	22	0.5	142	3.8	104	10.4	7	5.9	3.3	1.3	61	31	127	1
meloxicam	29 day	Low	812	15.3	44.8	55.2	18.8	34	2.3	114	96.7	10	1	1	2	85	12	20.8	206	685	52	111	116	0.15	0.09	237	15	0.4	143	3.6	104	10.1	7.2	5.6	3.4	1.5	61	31	99	1
meloxicam	29 day	Low	812	15.7	44.8	55.2	19.4	35.1	2.3	104.2	112.7	12	1	1	3	80	11.9	20.9	206	663	72	124	149	0.15	0.08	203	16	0.4	142	4	103	11.1	7.3	6	3.6	1.5	68	36	208	1
meloxicam	4 day	Middle	624	13.8	40.9	65.6	22.2	33.8	6.5	121.2	108	12	0	0	2	85	11.5	19.4	219	717	89	134	178	0.17	0.12	211	15	0.4	143	3.7	103	10.5	7.2	5.8	3.6	1.6	83	41	400	1
meloxicam	4 day	Middle	618	13.3	39.1	63.2	21.5	34.1	6.1	155.1	122	21	1	1	3	74	11.9	18	243	978	75	161	155	0.18	0.13	202	15	0.4	142	4	105	11.3	7.7	5.8	3.6	1.6	74	44	203	1
meloxicam	4 day	Middle	665	14	40.6	61	21	34.4	5.8	138.6	126.1	27	0	1	3	68	11.9	17.2	247	767	59	151	133	0.19	0.14	198	14	0.4	141	4.9	105	10.7	7.9	5.5	3.3	1.5	71	42	241	1
meloxicam	4 day	Middle	625	13.9	40.6	64.9	22.3	34.3	6.5	105.5	164.7	37	1	1	6	55	11.5	18.5	281	1028	101	116	182	0.14	0.1	188	15	0.4	142	3.9	104	11.1	7.3	5.8	3.3	1.3	66	45	156	1
meloxicam	4 day	Middle	644	13.9	40.7	63.2	21.5	34.1	5.2	114.5	155.1	20	1	1	3	75	11.9	19.4	254	1105	71	84	142	0.14	0.09	191	16	0.4	143	3.8	104	10.8	7.4	5.7	3.6	1.7	83	44	213	1
meloxicam	8 day	Middle	657	13.9	41.2	62.7	21.1	33.6	6.3	138.7	139.1	26	1	1	3	70	11.9	20.3	247	909	69	95	137	0.17	0.11	294	15	0.6	140	4	102	10.8	9.2	5.9	3.6	1.6	84	38	251	2
meloxicam	8 day	Middle	627	13.8	40.1	64	22	34.4	6	131.5	109.4	19	1	1	2	77	11.7	18.9	230	1468	70	149	154	0.16	0.11	212	19	0.7	142	5.1	105	11	7.3	5.5	3.2	1.4	68	41	115	11
meloxicam	8 day	Middle	632	13.8	39.4	62.4	21.8	35	5.8	132.8	143.2	14	1	1	3	81	12.1	19.7	230	831	74	56	126	0.14	0.07	192	12	0.4	141	3.9	103	10.9	7.6	5.7	3.4	1.5	67	27	264	2
meloxicam	8 day	Middle	642	13.7	39.7	61.9	21.4	34.5	4.6	93.2	103.9	17	1	0	3	78	11.8	19.8	206	882	76	139	145	0.17	0.12	188	15	0.4	141	4	105	10.8	7.1	5.6	3.6	1.8	65	31	160	2
meloxicam	8 day	Middle	607	12.8	36.5	60.2	21	34.9	4.5	118.5	103.6	33	1	0	3	63	12.2	18.9	206	674	53	43	109	0.14	0.06	191	11	0.4	143	3.9	107	10.2	6.2	5.4	3.3	1.6	79	34	199	0
meloxicam	15 day	Middle	711	14.1	41.7	58.6	19.8	33.8	3.8	117.1	152.7	23	1	1	4	72	11.4	19.7	262	918	72	99	142	0.16	0.08	197	17	0.4	144	4.1	105	10.6	7.3	5.8	3.4	1.4	62	33	127	1
meloxicam	15 day	Middle	623	12.8	38.1	61.2	20.6	33.6	6.4	118.7	179.5	19	0	1	2	78	11.7	18.5	250	703	57	104	127	0.16	0.09	199	19	0.4	143	4.5	106	10.3	7.1	5.5	3.2	1.4	73	38	216	1
meloxicam	15 day	Middle	735	15	43.8	59.5	20.4	34.3	3.9	114.2	104.1	18	1	1	4	75	11.7	19.1	188	1034	61	173	147	0.17	0.12	207	19	0.4	143	3.8	104	10.6	6.9	5.9	3.5	1.5	84	44	204	1
meloxicam	15 day	Middle	744	14.8	43.7	58.7	19.9	33.8	3.7	118.9	135.4	20	1	1	2	76	11.7	19.6	224	925	55	131	137	0.18	0.12	194	17	0.5	142	3.8	103	10.8	7.4	6	3.6	1.5	72	38	153	0
meloxicam	15 day	Middle	684	14.1	42.5	62.1	20.6	33.1	4.9	113.6	104.2	26	1	1	3	70	11.7	19.6	247	788	91	136	178	0.2	0.11	208	17	0.4	141	4	103	10.7	7.4	6.1	3.6	1.4	73	40	227	2
meloxicam	29 day	Middle	623	12	36.4	58.4	19.3	33.1	6.5	160.4	365.5	39	1	1	4	55	11.5	19.2	301	573	61	116	131	0.14	0.07	269	18	0.5	142	4.1	103	10.4	8	5.2	2.7	1.1	64	29	193	1
meloxicam	29 day	Middle	775	14.9	42.9	55.4	19.2	34.7	3	100.1	137.2	17	1	1	4	76	11.2	21.1	203	664	64	130	146	0.19	0.14	224	17	0.4	142	3.6	103	10.3	6.3	6	3.6	1.5	69	42	138	0
meloxicam	29 day	Middle	741	14.7	42.7	57.6	19.8	34.4	2.9	120.5	130.1	22	1	1	3	73	11.4	20.1	267	793	68	135	132	0.17	0.11	234	16	0.5	141	3.8	105	10.5	7.5	5.9	3.2	1.2	70	39	190	1
meloxicam	29 day	Middle	807	15.4	45.2	56	19.1	34.1	1.9	96.9	73.4	10	1	1	1	86	12.1	21.2	213	593	61	103	123	0.13	0.08	248	17	0.5	142	3.9	105	10	7	5.7	3.3	1.4	64	29	125	1
meloxicam	29 day	Middle	757	14.7	44.2	58.4	19.4	33.3	2.8	114.7	146.2	19	1	1	4	75	11.2	18.8	230	593	72	123	143	0.15	0.08	245	17	0.5	142	4.3	104	10.5	7.7	5.7	3.3	1.4	63	27	238	1
meloxicam	4 day	High	556	11.2	33.3	59.8	20.2	33.7	6.3	110.1	220.2	21	1	1	5	71	11.3	18.5	367	496	61	84	113	0.1	0.06	184	33	0.5	144	4.2	104	10.2	6.8	4.6	2.3	1	59	28	203	1
meloxicam	4 day	High	575	13.3	38.6	67.1	23.1	34.4	6.3	119.7	218.4	38	0	1	6	54	11.8	18.2	313	979	55	77	121	0.16	0.11	195	13	0.4	138	4.7	102	11.3	8	5.8	3.1	1.1	64	32	166	1
meloxicam	4 day	High	446	9.8	28.3	63.5	22	34.6	7.4	81.8	69.3	17	0	0	3	78	11.9	19	383	270	86	137	142	0.11	0.06	165	7	0.3	141	3.8	104	9.7	7.7	4.6	2.1	0.8	44	23	106	1
meloxicam	4 day	High	459	9.3	28	60.9	20.3	33.3	10.2	77.5	111.1	24	1	0	4	67	11.3	17.2	367	442	81	117	142	0.12	0.07	182	10	0.4	140	3.7	104	10.2	9.1	4.5	2.2	1	53	27	179	1
meloxicam	4 day	High	526	10.7	30.7	58.4	20.3	34.7	5.4	116	132.3	28	0	1	4	63	11.7	20.2	462	493	75	137	143	0.11	0.06	186	22	0.5	141	4	101	9.7	9.5	4.9	2.1	0.7	42	20	175	2
meloxicam	8 day	High	292	5.9	19.6	67	20.4	30.4	22.5	217.1	203	43	0	0	2	52	10.8	18.8	410	566	77	127	154	0.11	0.05	165	9	0.4	141	5.2	108	9.5	7.3	4.7	1.9	0.7	44	17	144	3
meloxicam	8 day	High	361	7.2	22.1	61.3	19.8	32.4	20.9	273.9	50	32	1	1	7	57	14.5	28.8	359	3713	49	65	99	0.33	0.24	127	83	0.6	132	6.6	97	9.5	11.8	5	1.9	0.6	94	17	184	15
meloxicam	8 day	High	467	9.9	29.6	63.5	21.1	33.3	10.4	168.4	226.5	36	1	1	7	54	11.2	17.9	338	369	77	147	151	0.13	0.07	183	14	0.4	143	3.9	105	10.4	7.8	4.9	2.4	1	56	23	127	2
meloxicam	8 day	High	374	7.9	24.7	65.9	21	31.8	19.6	249.7	218.4	28	1	0	4	65	11.4	18	410	441	64	126	130	0.12	0.05	170	10	0.4	141	4.2	105	10.3	7.9	4.9	2.2	0.8	51	17	184	2
meloxicam	15 day	High	624	12.9	40.2	64.3	20.7	32.2	9.2	170.2	202.4	38	0	1	4	56	11.4	18	296	483	64	80	123	0.13	0.07	191	14	0.4	143	4.2	103	10.5	7.5	5.5	3	1.2	71	32	142	1
meloxicam	15 day	High	649	13.5	40.1	61.8	20.8	33.7	7.8	177.8	178.9	26	0	1	4	68	11.6	18.5	271	678	76	199	156	0.18	0.12	198	18	0.4	141	4.3	103	10.8	7.4	5.6	3.1	1.2	63	33	149	1
